Actual,Scratch_Prediction,Sklearn_Prediction
51.0,54.71185391749016,54.711853917490075
20.0,22.61551294338959,22.615512943389483
46.0,47.90314471125896,47.903144711258875
28.0,31.289767480301627,31.289767480301528
41.0,43.00457042380548,43.00457042380538
59.0,59.07125171473049,59.071251714730394
48.0,45.90347515965418,45.90347515965409
87.0,86.45911791018088,86.45911791018081
37.0,37.70014036670487,37.70014036670477
73.0,72.05592481361839,72.05592481361832
66.0,63.56157825398106,63.561578253980976
30.0,24.899151774386205,24.899151774386116
61.0,60.779396221375464,60.779396221375386
45.0,43.99822497265848,43.99822497265839
52.0,49.0067622861914,49.00676228619132
41.0,44.6369482987441,44.63694829874402
63.0,58.02196870533736,58.02196870533727
78.0,79.00929339930826,79.00929339930819
63.0,65.72546535375339,65.72546535375331
42.0,46.65116751612213,46.65116751612205
59.0,62.46272163967703,62.462721639676936
15.0,15.434865306654185,15.434865306654096
38.0,38.37556251760737,38.37556251760728
76.0,76.80154497117161,76.80154497117154
84.0,84.07460098463872,84.07460098463864
32.0,31.04931374985835,31.049313749858268
30.0,28.618376018540044,28.618376018539955
92.0,88.87305695020214,88.87305695020206
52.0,51.09719468936197,51.09719468936188
57.0,56.30063620002902,56.30063620002893
60.0,60.13466071943955,60.13466071943947
35.0,33.86800411194163,33.86800411194153
42.0,38.63238745428558,38.63238745428548
53.0,49.91308368543393,49.91308368543384
36.0,34.68537088081443,34.68537088081435
64.0,63.64631936533329,63.646319365333206
45.0,49.923822658573485,49.92382265857338
47.0,46.595772230700135,46.595772230700035
76.0,76.2825866955759,76.28258669557582
79.0,78.80310278742368,78.8031027874236
79.0,80.68313105969217,80.6831310596921
74.0,76.09929274404831,76.09929274404823
69.0,68.2127353192228,68.2127353192227
93.0,93.58712023424528,93.58712023424522
72.0,70.3256311479298,70.32563114792971
64.0,63.86580842776924,63.86580842776915
73.0,74.46577410577576,74.4657741057757
68.0,69.55165615685193,69.55165615685186
73.0,75.32205450194766,75.32205450194758
39.0,42.22815972646943,42.22815972646933
72.0,71.33609389274065,71.33609389274059
57.0,57.526454531709554,57.526454531709476
74.0,72.85512171942345,72.85512171942338
88.0,83.32923388254096,83.32923388254088
70.0,73.7860279839678,73.78602798396773
89.0,90.13305835699013,90.13305835699006
74.0,73.97258518651816,73.9725851865181
86.0,87.86885392354878,87.8688539235487
74.0,73.84944748104098,73.84944748104091
62.0,60.36564001123078,60.36564001123069
39.0,37.18775127293361,37.187751272933525
35.0,35.623006414085665,35.623006414085566
17.0,15.96279806189579,15.962798061895697
83.0,81.92739830967064,81.92739830967055
80.0,84.81840260502176,84.81840260502167
36.0,36.15746462344934,36.157464623449236
31.0,29.80670054148558,29.806700541485476
68.0,67.72945887626364,67.72945887626358
38.0,37.46810035503094,37.468100355030856
70.0,72.16777610434511,72.16777610434502
61.0,61.1763575548279,61.17635755482783
93.0,91.45986523510423,91.45986523510416
88.0,88.28796441604486,88.28796441604476
95.0,92.00400169772476,92.00400169772468
68.0,70.75395034311335,70.75395034311327
40.0,39.52560089831594,39.52560089831585
66.0,65.53890815120302,65.53890815120293
42.0,43.747501819645045,43.747501819644945
47.0,45.74170663701045,45.74170663701035
76.0,75.18140482690166,75.18140482690157
64.0,64.70170415839118,64.70170415839108
58.0,61.42114857544226,61.42114857544218
66.0,64.4564894673195,64.45648946731943
52.0,49.95518052030459,49.955180520304495
58.0,59.852190197576824,59.852190197576746
35.0,36.103957602674605,36.103957602674505
26.0,28.18353136923443,28.18353136923433
81.0,81.70244451299531,81.70244451299521
69.0,66.35571791410166,66.35571791410158
27.0,26.90138080340279,26.901380803402713
20.0,20.646016762479604,20.646016762479512
23.0,23.55747244756629,23.557472447566198
33.0,31.23312097965772,31.233120979657617
78.0,75.33778865875722,75.33778865875713
95.0,96.61200120821314,96.61200120821306
80.0,79.72937186249322,79.72937186249317
67.0,63.63133270983711,63.63133270983704
89.0,87.89651154453418,87.89651154453412
82.0,86.63651013774616,86.6365101377461
65.0,60.855756174804796,60.855756174804704
86.0,82.42428746967393,82.42428746967386
28.0,28.529310936282343,28.52931093628225
38.0,36.431164480270986,36.43116448027089
55.0,55.19701862509658,55.19701862509649
18.0,19.72230716482186,19.72230716482178
73.0,72.60738171427913,72.60738171427906
49.0,48.89133452587259,48.89133452587251
80.0,79.57656450022976,79.57656450022968
72.0,74.43930097582667,74.4393009758266
40.0,39.10405469956167,39.10405469956159
51.0,48.82697808007032,48.82697808007023
21.0,22.795420920664284,22.795420920664192
39.0,36.934702865549966,36.93470286554988
22.0,26.54946528935098,26.54946528935089
26.0,26.57531468914031,26.575314689140214
27.0,26.232607877775965,26.23260787777589
49.0,52.04506548186424,52.04506548186414
24.0,25.114507361255875,25.114507361255782
23.0,23.591779293827365,23.591779293827283
52.0,52.13952857417571,52.139528574175635
39.0,37.68464043293692,37.68464043293684
79.0,76.16959464151526,76.1695946415152
85.0,87.75086668581817,87.7508666858181
47.0,49.30517077946847,49.305170779468405
49.0,49.347077118999955,49.34707711899985
59.0,60.65369903848647,60.653699038486394
53.0,53.88056121300388,53.88056121300378
68.0,69.64493475812712,69.64493475812704
73.0,73.84944748104098,73.84944748104091
58.0,56.90873960133364,56.90873960133357
67.0,63.888785131577436,63.88878513157736
52.0,52.7594316685026,52.75943166850251
66.0,67.28607673703507,67.28607673703499
67.0,66.44404505940923,66.44404505940915
20.0,21.887335027928096,21.887335027927996
88.0,90.61664906644211,90.61664906644202
57.0,56.56170881906384,56.56170881906377
36.0,37.139005212787296,37.1390052127872
39.0,39.75036419965206,39.75036419965197
17.0,15.977237275781055,15.97723727578095
43.0,43.37017389552682,43.37017389552672
12.0,13.110314131823223,13.110314131823124
43.0,39.81960537723633,39.81960537723626
47.0,49.249775494046474,49.24977549404639
63.0,59.134547440650074,59.134547440649975
40.0,43.11536099464949,43.11536099464941
37.0,39.3877897559119,39.38778975591181
67.0,65.70319242355615,65.70319242355608
20.0,17.963842599876074,17.963842599875996
29.0,29.626279285939102,29.626279285939013
40.0,42.90601758363012,42.90601758363003
46.0,43.9675383236919,43.96753832369181
79.0,76.14488600505985,76.14488600505977
45.0,44.549681873319216,44.54968187331913
70.0,67.7450825811852,67.74508258118513
20.0,19.846709404786566,19.84670940478646
35.0,32.644745257672895,32.6447452576728
36.0,35.88584352661415,35.88584352661406
50.0,49.30391956424659,49.303919564246506
19.0,18.373788117387075,18.373788117386972
74.0,74.96128827940358,74.9612882794035
30.0,33.02840814057399,33.02840814057389
67.0,68.4378128870517,68.43781288705163
34.0,29.000663915065644,29.00066391506553
42.0,42.04655397988666,42.04655397988656
76.0,80.28259325664763,80.28259325664756
71.0,73.12579254826393,73.12579254826386
17.0,16.953503626218822,16.95350362621874
53.0,53.08443706288239,53.08443706288231
57.0,56.14795260891916,56.14795260891907
49.0,48.64588561175933,48.64588561175923
66.0,67.27163752314982,67.27163752314974
52.0,50.42189630961308,50.421896309613
60.0,59.35160079682782,59.351600796827725
85.0,82.31224568360803,82.31224568360794
39.0,35.88702801765045,35.88702801765037
43.0,42.84818659194991,42.84818659194982
76.0,77.50237953214051,77.50237953214044
57.0,56.826323744351626,56.82632374435154
52.0,54.57541776146161,54.575417761461544
38.0,41.34949594821231,41.34949594821221
43.0,41.697197943246636,41.69719794324655
57.0,57.9834483400588,57.983448340058715
29.0,34.8428954760039,34.842895476003804
58.0,56.41756271787695,56.41756271787686
54.0,48.45405417030879,48.45405417030869
75.0,76.93743368558923,76.93743368558914
48.0,46.84280846223349,46.84280846223339
36.0,38.00043712462924,38.000437124629144
64.0,64.68325524009326,64.68325524009317
64.0,65.56538128115213,65.56538128115203
78.0,81.45058059664797,81.45058059664788
73.0,71.70889403134859,71.7088940313485
93.0,92.00400169772476,92.00400169772468
39.0,41.61910605717008,41.61910605717
72.0,72.47283382289788,72.4728338228978
33.0,32.611813397787316,32.61181339778723
21.0,21.569213081865584,21.56921308186549
48.0,45.311733400221215,45.31173340022114
81.0,81.39569858949773,81.39569858949764
35.0,35.76904077991985,35.76904077991975
68.0,64.48221509595524,64.48221509595514
75.0,74.70497662099716,74.70497662099706
46.0,43.114723945224114,43.11472394522402
88.0,92.31676936143589,92.3167693614358
38.0,39.65960134808628,39.659601348086184
28.0,31.914007864799597,31.914007864799494
72.0,74.06637706606514,74.06637706606506
37.0,35.369130461937424,35.36913046193733
89.0,90.16969045762143,90.16969045762134
57.0,58.29621600376993,58.29621600376985
26.0,27.32957622743273,27.329576227432653
22.0,22.651822261088295,22.651822261088206
30.0,31.664579654710437,31.66457965471036
20.0,21.682205135926203,21.682205135926097
70.0,70.87351157899843,70.87351157899835
11.0,13.715981826869658,13.715981826869573
19.0,19.891755224187186,19.89175522418708
20.0,19.45525653327588,19.455256533275794
43.0,45.89017670910283,45.89017670910273
47.0,47.11343556337155,47.11343556337146
46.0,46.44722211515654,46.44722211515646
78.0,78.61603230660154,78.61603230660145
26.0,25.651605091482555,25.651605091482466
25.0,22.600640494683773,22.600640494683674
47.0,47.81651533525946,47.81651533525937
28.0,24.73202896939108,24.732028969391003
41.0,41.75774369641522,41.75774369641511
59.0,58.447838874997096,58.44783887499702
72.0,71.24882746731576,71.24882746731569
82.0,81.45352958117793,81.45352958117786
63.0,61.94557158527736,61.945571585277285
35.0,35.639253849166984,35.6392538491669
82.0,82.57929631515401,82.57929631515393
82.0,80.96171564829584,80.96171564829577
65.0,66.48086765537971,66.48086765537964
63.0,65.23290016465555,65.23290016465548
17.0,18.565619558837618,18.56561955883751
62.0,63.03821596402865,63.038215964028566
39.0,36.541955051115,36.54195505111491
40.0,37.82410561694664,37.82410561694654
61.0,62.19334575376084,62.19334575376076
45.0,48.05827732789263,48.05827732789255
74.0,73.05961456199998,73.0596145619999
70.0,70.75382657195973,70.75382657195965
72.0,70.85915240856437,70.8591524085643
57.0,57.63271731704329,57.6327173170432
46.0,45.28458905750759,45.284589057507496
43.0,40.44805928075179,40.4480592807517
75.0,76.91233554201564,76.91233554201557
38.0,40.09751875307548,40.09751875307539
60.0,59.95061926659858,59.950619266598494
67.0,68.98387177765866,68.98387177765859
74.0,76.91760978091581,76.91760978091573
78.0,75.68250750592244,75.68250750592236
81.0,80.14426883597181,80.14426883597174
67.0,65.77527213378241,65.77527213378234
66.0,64.31679006026819,64.31679006026809
57.0,55.72884211642308,55.72884211642301
62.0,60.350140077462825,60.350140077462754
38.0,36.212859908871344,36.212859908871245
55.0,55.03410933911894,55.034109339118864
48.0,47.19892417603717,47.19892417603708
32.0,33.878149763358195,33.878149763358095
11.0,14.127302330756152,14.12730233075606
76.0,71.21094415146258,71.21094415146251
41.0,42.16642948226455,42.16642948226446
19.0,23.41966130516225,23.41966130516215
53.0,48.6019005122414,48.60190051224129
79.0,77.2712897884613,77.27128978846122
19.0,20.670725398935033,20.670725398934955
62.0,62.50249322017746,62.50249322017739
71.0,75.55378129505226,75.5537812950522
44.0,40.94293640495421,40.94293640495412
73.0,69.58722753760053,69.58722753760046
59.0,58.94799023809969,58.9479902380996
58.0,57.42640293400509,57.42640293400499
41.0,41.43191180519434,41.43191180519423
87.0,84.00465603344344,84.00465603344337
46.0,42.781381120623834,42.78138112062373
34.0,33.22381605161663,33.223816051616524
58.0,56.13095391762211,56.13095391762201
49.0,52.97616224174777,52.976162241747694
26.0,27.2219384557235,27.221938455723418
37.0,39.4190238464894,39.4190238464893
71.0,69.71468921398318,69.7146892139831
50.0,48.314588986299064,48.314588986298986
62.0,59.99515180772743,59.995151807727346
52.0,55.049843495928485,55.049843495928414
51.0,48.81367962951897,48.81367962951887
65.0,65.98165324100621,65.98165324100613
69.0,70.49869940458962,70.49869940458952
69.0,68.35067023278043,68.35067023278036
31.0,34.80079864113325,34.80079864113315
40.0,37.87403616812928,37.87403616812918
36.0,36.7481456629996,36.748145662999505
74.0,73.66816451739079,73.66816451739071
78.0,77.28922542848746,77.28922542848736
68.0,68.9496887025512,68.94968870255113
69.0,68.4768369662388,68.47683696623871
37.0,36.035578133194036,36.03557813319396
76.0,74.30286481979813,74.30286481979806
21.0,18.908560593243557,18.908560593243465
48.0,50.91622599220458,50.916225992204495
50.0,49.83499179935736,49.83499179935729
47.0,47.49965792368445,47.49965792368437
24.0,24.725379744115415,24.725379744115315
30.0,30.642126721538133,30.64212672153805
63.0,62.150701477279256,62.150701477279185
78.0,78.00316794466849,78.00316794466842
56.0,54.99188873309469,54.99188873309459
36.0,36.19428721941982,36.19428721941973
20.0,19.39077631632,19.390776316319908
41.0,41.56591225496467,41.565912254964566
43.0,47.704787815686345,47.70478781568627
35.0,35.7846644848414,35.7846644848413
55.0,56.987981815107375,56.987981815107275
86.0,83.11639404538069,83.1163940453806
46.0,44.337355314430724,44.337355314430624
59.0,55.26382409642267,55.26382409642258
86.0,87.22411842161287,87.22411842161279
12.0,14.987906697833521,14.98790669783343
59.0,58.49764565502612,58.49764565502604
27.0,28.37587608895675,28.375876088956648
52.0,49.1818425786521,49.181842578652024
25.0,26.913180496425042,26.91318049642494
61.0,59.92182088227927,59.92182088227919
45.0,47.352872301634534,47.35287230163445
73.0,72.89965426055232,72.89965426055223
52.0,50.52697460391052,50.52697460391042
49.0,49.91729720445141,49.917297204451316
82.0,83.5187400696213,83.51874006962122
87.0,84.09266039581846,84.09266039581838
97.0,93.2825757939643,93.28257579396421
34.0,36.63999461301859,36.6399946130185
56.0,54.69135880005221,54.691358800052114
58.0,55.915912597245224,55.91591259724515
56.0,55.79383561165074,55.79383561165067
63.0,63.01488231394873,63.01488231394864
80.0,80.2037538692577,80.20375386925761
74.0,74.08990121148426,74.08990121148418
44.0,43.66330814990372,43.66330814990364
63.0,64.67660601481758,64.6766060148175
63.0,60.32543144100739,60.32543144100732
49.0,49.141947226998056,49.14194722699795
68.0,65.71354188957754,65.71354188957747
58.0,57.912553120868836,57.912553120868765
80.0,75.98197671908223,75.98197671908214
59.0,57.70384675927485,57.70384675927477
43.0,44.1136527329773,44.1136527329772
75.0,74.23838460284226,74.23838460284217
22.0,22.490486973265135,22.490486973265043
37.0,37.742984702888904,37.74298470288882
63.0,64.30730230235054,64.30730230235045
73.0,74.95940001475631,74.95940001475623
43.0,45.16388705828861,45.16388705828852
46.0,46.07957244429518,46.07957244429508
54.0,54.576478481344324,54.57647848134424
51.0,51.31424804553973,51.31424804553963
78.0,79.96211564777812,79.96211564777805
62.0,57.77831844805691,57.778318448056815
45.0,45.49998837207967,45.499988372079585
68.0,68.25431887582167,68.25431887582158
64.0,63.9597240784698,63.959724078469726
37.0,37.889770324938816,37.88977032493874
53.0,53.34959942978108,53.349599429781
70.0,68.57130005855029,68.57130005855021
24.0,29.5407106298223,29.54071062982219
55.0,59.41175704287823,59.411757042878136
66.0,70.58532878058912,70.58532878058904
72.0,69.7056042824493,69.70560428244922
37.0,35.58807208276246,35.588072082762366
83.0,83.5788963156717,83.57889631567163
43.0,45.3978153346098,45.397815334609724
74.0,76.56042002796381,76.56042002796374
64.0,61.52866257599789,61.5286625759978
41.0,42.194600381521724,42.19460038152164
88.0,84.14246717584749,84.14246717584741
23.0,24.654250301883856,24.654250301883756
31.0,31.43706638062332,31.437066380623214
55.0,53.23531243279618,53.23531243279609
53.0,53.98650121540501,53.986501215404935
39.0,39.66216082549808,39.662160825498
37.0,39.12179984424861,39.121799844248514
57.0,55.67344683100108,55.673446831001
80.0,79.10922122585913,79.10922122585906
73.0,72.73969395910464,72.73969395910457
66.0,64.14848276423677,64.14848276423669
83.0,81.31878163009422,81.31878163009414
55.0,55.59090720286545,55.59090720286535
53.0,51.89725330327075,51.89725330327068
72.0,71.67872066065378,71.67872066065371
57.0,59.48697623297365,59.486976232973575
58.0,58.637782051800365,58.637782051800286
79.0,77.23395391421904,77.23395391421896
80.0,77.18044689344431,77.18044689344423
37.0,37.76104411406866,37.76104411406858
24.0,22.270997910829188,22.270997910829088
40.0,41.149127016838804,41.149127016838705
68.0,65.55578307134647,65.55578307134638
71.0,70.85915240856437,70.8591524085643
58.0,59.690217860328275,59.69021786032819
70.0,71.11652478685349,71.11652478685343
28.0,27.25368582457278,27.253685824572685
18.0,19.04921026828957,19.049210268289478
65.0,65.68080904147092,65.68080904147084
49.0,47.81356635072949,47.813566350729396
79.0,76.68198373528654,76.68198373528645
72.0,69.98524959093565,69.98524959093558
38.0,38.51632264454138,38.51632264454129
89.0,89.59419613326979,89.59419613326972
61.0,58.326902652736514,58.32690265273642
80.0,82.67871086343308,82.67871086343301
54.0,56.21400682402952,56.214006824029426
39.0,35.39202712229442,35.39202712229434
41.0,42.71721517016075,42.71721517016066
54.0,49.99357711442953,49.993577114429435
41.0,42.800268076568166,42.800268076568074
30.0,31.435925617289413,31.435925617289325
74.0,74.59450031664593,74.59450031664586
74.0,71.88404104799488,71.8840410479948
36.0,36.27069090055155,36.27069090055146
40.0,39.500188488249535,39.500188488249435
32.0,32.314589395546534,32.31458939554645
45.0,46.98608433887689,46.98608433887681
59.0,57.665839672268056,57.66583967226798
48.0,49.10543889752037,49.10543889752029
33.0,30.13087839110078,30.130878391100694
54.0,53.80671700928394,53.80671700928386
75.0,73.61835773736176,73.61835773736169
65.0,66.60589362550418,66.6058936255041
60.0,60.18340677958587,60.183406779585795
30.0,29.43739682901854,29.437396829018436
65.0,63.64631936533329,63.646319365333206
45.0,41.45607300003884,41.45607300003876
52.0,49.37725048969475,49.37725048969466
55.0,55.34569251179377,55.34569251179369
38.0,35.929638130792895,35.929638130792796
56.0,55.651810950229226,55.65181095022915
34.0,34.65771325982903,34.65771325982894
56.0,56.70900771938554,56.709007719385454
66.0,67.78159091066289,67.78159091066279
89.0,86.49888949068134,86.49888949068128
88.0,86.31709324875938,86.31709324875928
83.0,81.57033232787225,81.57033232787217
45.0,47.01079297533233,47.010792975332244
35.0,33.88901250765135,33.88901250765125
52.0,51.536376628838674,51.536376628838596
42.0,38.24345033248431,38.24345033248422
13.0,14.370315538611223,14.370315538611138
58.0,55.805122026401214,55.805122026401136
23.0,26.615086269640763,26.615086269640678
64.0,62.55788850559948,62.5578885055994
45.0,42.421242383141866,42.42124238314177
15.0,15.662144357699718,15.662144357699617
61.0,57.58172604597796,57.58172604597787
40.0,40.90630430432293,40.90630430432283
19.0,22.820129557119714,22.82012955711962
92.0,90.62805925234616,90.62805925234609
61.0,61.967207466049224,61.96720746604913
40.0,40.69350819486506,40.693508194864975
76.0,74.57876615983639,74.5787661598363
81.0,81.28754753951672,81.28754753951664
90.0,89.26580476463708,89.26580476463701
86.0,85.29345582455076,85.29345582455068
37.0,37.37430847548399,37.3743084754839
93.0,93.24185394546913,93.24185394546907
39.0,40.12750162843108,40.12750162843099
34.0,32.77704793813515,32.777047938135055
85.0,87.19870601154646,87.19870601154638
76.0,75.45266897746511,75.45266897746502
18.0,15.760697197875079,15.760697197874975
81.0,80.96277636817852,80.96277636817845
26.0,26.984309938656594,26.98430993865651
61.0,63.31994003250148,63.31994003250141
62.0,62.40921461890228,62.409214618902205
39.0,40.54892405603174,40.54892405603164
70.0,71.36362774257245,71.36362774257236
70.0,66.2474526573303,66.24745265733021
75.0,74.47356409438535,74.47356409438527
38.0,37.57573812674018,37.57573812674009
36.0,36.600846762677904,36.60084676267781
28.0,25.142164982241276,25.142164982241184
66.0,66.30233466448053,66.30233466448045
54.0,55.81177125167689,55.81177125167681
25.0,27.49375004789788,27.49375004789779
59.0,60.856393224230175,60.85639322423009
42.0,44.43834386086428,44.43834386086418
37.0,39.74847593500479,39.74847593500469
72.0,70.6184511358139,70.61845113581381
55.0,55.24576468524292,55.245764685242825
47.0,45.07958293665931,45.079582936659214
21.0,24.56899591225984,24.56899591225975
35.0,38.81347992259656,38.81347992259648
33.0,34.44593414255146,34.44593414255135
35.0,34.8705530969893,34.87055309698921
66.0,68.46798625774652,68.46798625774645
51.0,47.50618337780652,47.50618337780642
55.0,52.95791233522881,52.95791233522873
45.0,44.56600935185175,44.566009351851655
51.0,50.046023415321564,50.04602341532148
50.0,50.73222826706602,50.732228267065935
29.0,27.60666205850729,27.606662058507194
27.0,26.755735944686784,26.75573594468668
67.0,63.895243861513926,63.89524386151383
79.0,81.19005541922407,81.19005541922397
46.0,47.30412624148819,47.30412624148811
12.0,14.541138584352044,14.541138584351955
84.0,86.63651013774616,86.6365101377461
49.0,48.739711654645426,48.73971165464534
46.0,50.8519799982903,50.85197999829022
70.0,71.56159513102689,71.56159513102682
37.0,38.175941087547244,38.17594108754716
64.0,64.83298984667314,64.83298984667306
70.0,72.87970658472528,72.8797065847252
37.0,38.1615819171132,38.16158191711311
42.0,41.620794262114906,41.62079426211481
54.0,50.74434222658106,50.74434222658098
37.0,41.77717809397046,41.77717809397038
28.0,29.233641923392128,29.233641923392042
72.0,72.25315426512272,72.25315426512265
44.0,43.53269367438627,43.532693674386195
67.0,64.41195692619065,64.41195692619057
60.0,59.79730819042659,59.797308190426506
61.0,63.73959796660847,63.73959796660839
73.0,71.84426946749443,71.84426946749434
40.0,41.94800113971129,41.9480011397112
76.0,78.41153946402503,78.41153946402494
45.0,43.90494637138329,43.904946371383204
45.0,43.989140041124614,43.989140041124514
72.0,72.43958769651948,72.4395876965194
64.0,63.708877154302755,63.70887715430267
42.0,44.34211627505912,44.34211627505902
74.0,77.50470478651073,77.50470478651064
20.0,20.215933073802397,20.215933073802297
72.0,68.54659142209485,68.54659142209476
35.0,33.77188697802447,33.771886978024376
52.0,48.34885210485774,48.348852104857656
70.0,71.53921174894168,71.53921174894158
29.0,29.891441652837806,29.891441652837702
48.0,49.69718065695333,49.69718065695324
55.0,55.33597053083452,55.33597053083443
52.0,52.504618767625274,52.504618767625196
34.0,33.69855605257631,33.69855605257622
89.0,87.77187508152788,87.77187508152781
45.0,44.15587333900155,44.15587333900147
89.0,85.44983965640633,85.44983965640624
41.0,40.51599219614616,40.515992196146065
43.0,39.31921979109215,39.31921979109205
31.0,29.127188642719204,29.12718864271912
62.0,64.03293123276435,64.03293123276427
48.0,48.36986050056746,48.36986050056738
76.0,74.8971223289405,74.89712232894043
70.0,73.15702663884144,73.15702663884136
56.0,56.17612350817634,56.176123508176246
53.0,51.62595498936816,51.625954989368076
35.0,34.780850965306215,34.780850965306115
55.0,50.76755210550739,50.76755210550729
82.0,82.59873071270924,82.59873071270917
44.0,46.4893189500272,46.48931895002711
61.0,57.199247654113165,57.19924765411309
69.0,68.46609799309924,68.46609799309917
75.0,74.59017634574046,74.59017634574039
69.0,71.7339921749222,71.7339921749221
76.0,76.72038032941148,76.7203803294114
36.0,33.88236328237568,33.882363282375564
44.0,44.54248520643262,44.54248520643253
79.0,78.3275362896229,78.32753628962283
18.0,18.431619109067274,18.431619109067185
40.0,40.86539196048857,40.86539196048848
64.0,64.9001848251174,64.90018482511731
57.0,58.444575623974316,58.44457562397423
73.0,76.20693051575753,76.20693051575745
86.0,85.24364904452173,85.24364904452165
33.0,37.093411951775735,37.09341195177565
40.0,40.74890348028707,40.74890348028699
86.0,81.407299270741,81.40729927074092
40.0,38.47053888819064,38.47053888819054
32.0,34.453767858863436,34.453767858863344
68.0,65.84741856819427,65.84741856819417
50.0,54.07239265445442,54.072392654454326
50.0,48.4546016119197,48.45460161191961
51.0,50.55251078513052,50.552510785130444
32.0,35.20146021533139,35.20146021533131
64.0,62.16431314639995,62.16431314639985
52.0,49.745413438827896,49.74541343882781
64.0,63.175479664821765,63.17547966482168
24.0,25.733283011514477,25.733283011514377
75.0,76.3931734518151,76.39317345181502
93.0,89.83602485008855,89.83602485008848
76.0,77.63523921857696,77.63523921857688
66.0,65.84997804560606,65.849978045606
87.0,84.76965654487542,84.76965654487535
56.0,56.36987737761331,56.36987737761322
23.0,25.187962057857632,25.18796205785755
69.0,68.89480669540097,68.89480669540089
75.0,74.34791063919877,74.34791063919869
91.0,91.82019446792539,91.82019446792532
49.0,50.71723204720659,50.7172320472065
70.0,69.58301401858304,69.58301401858297
50.0,53.1691781742346,53.16917817423454
36.0,35.82443606534186,35.82443606534176
40.0,41.10734444846095,41.10734444846087
25.0,27.966991291328448,27.966991291328355
71.0,71.76723830130057,71.7672383013005
64.0,62.98049542423644,62.98049542423635
30.0,28.53583639040442,28.535836390404313
37.0,36.93281460090269,36.932814600902596
74.0,72.96940871640837,72.96940871640828
86.0,84.07987522353888,84.0798752235388
86.0,85.00495980757212,85.00495980757205
59.0,59.269732381456706,59.26973238145662
86.0,85.83117728493721,85.83117728493714
32.0,32.643047488364815,32.64304748836472
95.0,92.68607307390293,92.68607307390286
46.0,45.86370357915372,45.863703579153636
95.0,94.12579196262644,94.12579196262635
42.0,41.91444179476359,41.914441794763505
57.0,59.844165985925656,59.84416598592556
50.0,48.81367962951897,48.81367962951887
78.0,79.8555385959516,79.85553859595151
84.0,78.59934788179727,78.5993478817972
54.0,53.4916240912026,53.491624091202524
34.0,34.3161472117986,34.31614721179851
77.0,77.64779016781493,77.64779016781486
79.0,81.41922273491687,81.41922273491677
49.0,48.40121836229857,48.40121836229849
86.0,84.5423774938299,84.54237749382983
42.0,43.964041897551006,43.96404189755093
49.0,47.99642331253415,47.99642331253406
36.0,36.140780198645075,36.14078019864499
42.0,41.67142858690851,41.671428586908426
44.0,41.81557468809542,41.815574688095325
56.0,56.957485661479986,56.95748566147991
67.0,68.7710319404984,68.77103194049832
72.0,72.61824445857229,72.6182444585722
34.0,33.20399214694321,33.20399214694311
56.0,55.861578031705925,55.86157803170583
32.0,32.86537508344274,32.865375083442636
74.0,72.37101773169974,72.37101773169965
52.0,52.9380884305554,52.938088430555304
89.0,90.73991054307288,90.7399105430728
72.0,72.42884872337993,72.42884872337987
76.0,73.22264761913122,73.22264761913114
61.0,58.592065019635214,58.59206501963512
54.0,54.66173287096833,54.66173287096824
87.0,86.96899125424275,86.96899125424265
50.0,50.83215609361687,50.8321560936168
49.0,51.629531458960265,51.629531458960166
58.0,57.56063760681703,57.56063760681694
36.0,36.2573924500002,36.2573924500001
31.0,33.51919551691253,33.51919551691244
58.0,56.09550630802713,56.095506308027026
36.0,31.8243494608189,31.824349460818805
53.0,50.368389288838344,50.368389288838266
53.0,51.888168371736896,51.8881683717368
46.0,46.1609275813945,46.16092758139442
50.0,47.930926103397965,47.930926103397894
80.0,81.16534678276862,81.16534678276854
68.0,66.45615901892428,66.45615901892421
76.0,74.20050128698908,74.200501286989
48.0,48.037268932182904,48.03726893218282
50.0,49.97375320975611,49.97375320975602
52.0,49.731991217122925,49.73199121712283
44.0,45.947897248895046,45.94789724889495
37.0,36.959411502005395,36.95941150200532
48.0,46.10671678700881,46.10671678700871
36.0,34.25547768747641,34.25547768747633
55.0,52.242909099165075,52.242909099164976
69.0,70.01542296163046,70.01542296163039
25.0,24.18647379269266,24.18647379269256
57.0,55.14721184506755,55.14721184506747
93.0,88.59459613275209,88.594596132752
86.0,87.3919124393725,87.39191243937243
82.0,81.48370295187273,81.48370295187266
52.0,54.96435488326289,54.9643548832628
67.0,67.60443290613918,67.60443290613912
50.0,49.1878547545024,49.187854754502325
49.0,50.483303770885385,50.48330377088531
61.0,59.30411927116899,59.3041192711689
46.0,48.85577646438963,48.85577646438953
61.0,62.847759508953615,62.84775950895353
52.0,49.70859084285741,49.70859084285732
21.0,19.571197571866467,19.57119757186637
44.0,45.66541340776671,45.66541340776662
26.0,25.221084413082416,25.221084413082334
26.0,23.971118205822986,23.971118205822876
59.0,57.17697472391593,57.176974723915855
47.0,47.90928065826287,47.90928065826279
84.0,84.75773308069958,84.7577330806995
38.0,39.31551955034644,39.315519550346345
73.0,73.3171107114427,73.31711071144264
90.0,88.93458818262805,88.93458818262798
72.0,73.58892230361707,73.58892230361701
44.0,44.698355760016405,44.69835576001633
63.0,58.94146478397762,58.94146478397754
87.0,85.60146252763349,85.60146252763342
57.0,58.488560723492256,58.488560723492164
41.0,41.78434059751792,41.784340597517826
71.0,71.74201638657335,71.74201638657328
44.0,46.67028764718458,46.670287647184495
58.0,56.137726914051385,56.1377269140513
92.0,91.32995453319776,91.32995453319768
47.0,48.85715145076512,48.857151450765045
45.0,41.42062539044386,41.42062539044378
77.0,74.42356681901713,74.42356681901704
50.0,52.600846353430434,52.600846353430356
44.0,41.28996718722402,41.28996718722392
60.0,62.42608953904574,62.426089539045655
56.0,58.37564871288285,58.375648712882764
47.0,46.2780531110214,46.2780531110213
84.0,81.78549741940272,81.78549741940265
90.0,88.69810042889503,88.69810042889496
42.0,41.881319439538814,41.88131943953873
74.0,74.47474858542165,74.47474858542157
56.0,57.442260861968236,57.442260861968165
57.0,56.85768160608273,56.85768160608266
46.0,46.44108616815264,46.44108616815255
77.0,76.76861311128604,76.76861311128596
47.0,44.67597237793118,44.67597237793109
36.0,38.608350030594664,38.60835003059458
59.0,58.20840213673413,58.20840213673404
67.0,68.4780214572751,68.47802145727502
24.0,23.63387612869802,23.63387612869794
52.0,52.714385849101966,52.71438584910187
90.0,92.91169808334278,92.91169808334271
48.0,46.656441755022314,46.65644175502222
93.0,94.25219291912639,94.25219291912632
57.0,53.76682165762988,53.766821657629784
51.0,54.71837937161223,54.718379371612144
63.0,60.229203855202236,60.22920385520216
37.0,42.0058321313915,42.005832131391415
67.0,64.61287329917506,64.61287329917499
88.0,86.49888949068134,86.49888949068128
81.0,84.0481278546896,84.04812785468954
35.0,33.489102189668934,33.489102189668834
15.0,15.596523377409934,15.596523377409838
79.0,83.74971936141253,83.74971936141245
20.0,17.342440748020095,17.342440748020003
39.0,40.57500767886266,40.57500767886258
26.0,26.557255277960564,26.557255277960458
92.0,92.45214479758174,92.45214479758167
54.0,54.78688261224639,54.7868826122463
49.0,49.30379579309299,49.30379579309289
33.0,31.87309552096524,31.873095520965144
37.0,36.45587311672641,36.45587311672632
26.0,26.52424337462378,26.524243374623687
71.0,69.04454130198086,69.04454130198077
44.0,44.25981086996508,44.259810869964994
31.0,32.07515265728356,32.07515265728345
35.0,37.6897909006835,37.689790900683384
31.0,30.192799130644854,30.192799130644765
48.0,46.310785959128,46.31078595912793
43.0,44.09382882830388,44.09382882830378
45.0,46.39076610985184,46.390766109851754
29.0,28.30612163310069,28.306121633100588
37.0,40.51768996545424,40.51768996545414
48.0,46.89945496287738,46.8994549628773
18.0,19.58398274414604,19.583982744145956
74.0,72.79985020515505,72.79985020515498
85.0,84.79982991557024,84.79982991557016
36.0,35.99116936321879,35.99116936321872
36.0,38.552954745172656,38.55295474517257
86.0,86.38157346571525,86.38157346571518
64.0,65.09339125294343,65.09339125294336
24.0,22.00024703853751,22.000247038537402
44.0,44.22022978480382,44.22022978480374
39.0,38.33653843842029,38.336538438420206
56.0,56.70782322834924,56.70782322834915
76.0,76.98566646746379,76.98566646746372
46.0,48.21296339044012,48.21296339044004
22.0,22.238499285764178,22.238499285764078
55.0,55.004126463763335,55.004126463763264
37.0,33.33460662246065,33.33460662246055
46.0,50.70444687492701,50.70444687492691
35.0,33.095213611900064,33.09521361189998
63.0,60.69221940376503,60.69221940376495
36.0,35.86244315234863,35.862443152348554
55.0,53.137820312503514,53.13782031250342
70.0,72.79320097987937,72.7932009798793
83.0,84.32953765666963,84.32953765666956
64.0,62.72449803232281,62.72449803232275
42.0,43.97056735167308,43.97056735167298
69.0,67.75522823260178,67.7552282326017
68.0,66.3052836490105,66.30528364901042
18.0,17.52762296419497,17.52762296419486
56.0,54.056255671261084,54.056255671261
69.0,70.3556140232854,70.35561402328531
34.0,33.72070521161993,33.72070521161984
44.0,47.14722913136085,47.147229131360774
30.0,28.882990943827824,28.88299094382773
36.0,37.160093651948216,37.16009365194812
55.0,56.19543413457799,56.195434134577894
90.0,87.9426981272687,87.94269812726863
34.0,34.7876239617355,34.787623961735406
28.0,27.398146192252486,27.39814619225241
31.0,34.50609038860187,34.50609038860177
34.0,32.8510159130087,32.851015913008595
59.0,57.17402573938597,57.17402573938588
82.0,81.6387117973528,81.63871179735273
61.0,63.6681553058076,63.66815530580753
46.0,42.57995146936763,42.57995146936753
62.0,62.440448709479796,62.4404487094797
76.0,75.54185783087641,75.54185783087635
20.0,18.60771639370828,18.607716393708174
50.0,53.034943501422674,53.03494350142258
35.0,35.129066238612324,35.129066238612225
55.0,57.993046549864445,57.99304654986436
66.0,64.76493316012517,64.76493316012508
57.0,58.91023069340012,58.91023069340004
67.0,65.93605997999465,65.93605997999458
47.0,46.741182866374544,46.74118286637445
71.0,72.56473743779755,72.56473743779748
25.0,24.495541215658083,24.495541215657983
59.0,57.49628116101475,57.496281161014664
78.0,78.31656309344174,78.31656309344167
76.0,75.52348415320387,75.52348415320377
64.0,62.13740302672791,62.137403026727824
38.0,36.431164480270986,36.43116448027089
53.0,54.359938403438335,54.35993840343826
83.0,81.817244788252,81.81724478825191
36.0,34.25886366172932,34.25886366172921
75.0,70.68576988541176,70.68576988541167
67.0,65.5455573764787,65.54555737647861
34.0,32.31215368928835,32.312153689288245
30.0,31.773167694414376,31.773167694414273
92.0,89.46133644683334,89.46133644683329
54.0,55.079893095469686,55.079893095469615
97.0,92.38239034172567,92.3823903417256
55.0,56.02575185217107,56.02575185217097
72.0,76.0070748626558,76.00707486265573
74.0,70.62931388010705,70.62931388010696
78.0,78.58617320239954,78.58617320239946
24.0,20.736346379224823,20.736346379224734
45.0,42.22697523543312,42.226975235433024
38.0,37.564764930559036,37.56476493055894
53.0,58.030929865717624,58.03092986571754
79.0,79.01488190470126,79.01488190470118
65.0,69.01141894675608,69.011418946756
72.0,73.61308349846158,73.61308349846152
56.0,57.03865030324011,57.03865030324005
42.0,42.146481806437514,42.14648180643742
44.0,42.63609425610301,42.636094256102936
63.0,61.41437557901298,61.41437557901289
64.0,64.70307914476668,64.70307914476659
28.0,26.989070899284997,26.989070899284904
36.0,37.082001765871674,37.08200176587157
65.0,63.16410364225683,63.16410364225676
51.0,53.987685706441326,53.98768570644125
51.0,52.49132031707393,52.491320317073836
60.0,56.47031848243593,56.47031848243586
74.0,74.93606636467636,74.9360663646763
46.0,46.99749452478097,46.99749452478088
67.0,68.09317408333771,68.09317408333763
72.0,72.28682406195841,72.28682406195834
55.0,57.58291053701426,57.58291053701418
54.0,53.34527545887562,53.34527545887552
45.0,41.89311913256106,41.893119132560955
31.0,32.860100844542565,32.86010084454247
52.0,54.4898491053448,54.489849105344724
56.0,52.600846353430434,52.600846353430356
46.0,45.40415029339268,45.404150293392576
50.0,46.595772230700135,46.595772230700035
52.0,51.20495623222481,51.20495623222473
70.0,70.51864708041664,70.51864708041656
53.0,56.24060372513222,56.24060372513214
53.0,52.624370498849565,52.62437049884949
31.0,32.275521588657064,32.27552158865697
28.0,27.8660027448949,27.8660027448948
75.0,76.9454578972404,76.94545789724035
53.0,54.78569812121009,54.78569812121
33.0,30.578897719804147,30.57889771980405
73.0,74.54206733501951,74.54206733501942
63.0,60.80355741621996,60.803557416219896
59.0,57.217820343564696,57.21782034356461
37.0,35.74445591461802,35.74445591461793
59.0,62.294927621917374,62.29492762191729
70.0,73.19912347371209,73.199123473712
46.0,48.66519623816096,48.66519623816088
62.0,60.33546664053597,60.335466640535884
42.0,39.52064944234835,39.52064944234825
50.0,48.92678213546757,48.926782135467484
58.0,56.92743606193879,56.927436061938714
86.0,86.26728646873033,86.26728646873026
41.0,40.072296838348265,40.07229683834819
84.0,80.61350037498971,80.61350037498966
70.0,69.70371601780204,69.70371601780194
77.0,78.06048565807693,78.06048565807686
52.0,55.38232461242506,55.38232461242497
77.0,76.30253437140291,76.30253437140284
34.0,32.72177642386674,32.72177642386666
35.0,32.804705559120556,32.804705559120464
40.0,38.32449120309083,38.324491203090744
33.0,35.35784404718696,35.35784404718687
43.0,45.33219435432002,45.332194354319945
29.0,33.00330999700037,33.0033099970003
43.0,44.745726833787245,44.745726833787145
61.0,61.20409521926452,61.20409521926443
60.0,59.88393756642609,59.88393756642601
83.0,81.88951499381746,81.88951499381736
75.0,75.84184032230797,75.8418403223079
20.0,22.788771695388597,22.788771695388505
27.0,27.333665975296604,27.333665975296505
82.0,81.91052338952719,81.9105233895271
41.0,40.642202657306925,40.64220265730682
63.0,62.69790113122012,62.69790113122003
70.0,65.41808238083043,65.41808238083034
65.0,63.03715524414596,63.03715524414588
90.0,89.01205258364247,89.0120525836424
75.0,72.12021453523506,72.120214535235
56.0,56.58574624275475,56.58574624275467
62.0,63.0225922591071,63.022592259107014
81.0,81.98279359509263,81.98279359509255
93.0,97.5658841765657,97.56588417656562
23.0,27.15619370428011,27.15619370428001
65.0,63.82316415128766,63.82316415128758
43.0,44.896836426742624,44.89683642674255
70.0,65.10480143884752,65.10480143884743
54.0,53.1691781742346,53.16917817423454
59.0,57.22910675831517,57.22910675831507
65.0,64.60315131821581,64.60315131821572
84.0,86.12663679368431,86.12663679368426
69.0,67.44553332457421,67.44553332457414
59.0,55.894076656770935,55.89407665677084
65.0,68.39791753539767,68.39791753539757
42.0,41.701287691110515,41.701287691110416
72.0,74.74179921696762,74.74179921696755
30.0,31.289891251455224,31.289891251455145
39.0,37.703089351234844,37.703089351234745
63.0,63.79656725018496,63.796567250184864
88.0,85.3332274050512,85.33322740505113
38.0,38.954867534592694,38.954867534592616
61.0,59.04804183580416,59.048041835804085
62.0,57.99198582998175,57.99198582998167
50.0,53.458501735977826,53.45850173597775
87.0,87.09539221074269,87.09539221074262
82.0,80.28373401998152,80.28373401998145
50.0,50.64578938640571,50.64578938640563
43.0,45.117466252512486,45.117466252512386
55.0,56.57138707232069,56.57138707232062
97.0,92.50997578926193,92.50997578926186
93.0,91.39833400267831,91.39833400267824
73.0,73.18055078426056,73.18055078426048
45.0,43.74856253952773,43.74856253952763
64.0,64.54123057867173,64.54123057867166
40.0,40.19964806284294,40.19964806284284
43.0,42.91931603418146,42.919316034181385
19.0,21.24503523225037,21.24503523225028
68.0,65.98059252112351,65.98059252112344
71.0,71.3504530631747,71.35045306317463
16.0,18.289674491096967,18.289674491096868
94.0,88.20133504004534,88.20133504004525
74.0,74.16736561249868,74.1673656124986
90.0,90.00138316159001,90.00138316158993
46.0,46.007616505222515,46.007616505222444
68.0,67.73843335590954,67.73843335590945
29.0,31.755969991338347,31.75596999133826
53.0,52.548090588871425,52.54809058887136
39.0,41.15101528148608,41.15101528148599
56.0,54.51758676978142,54.51758676978133
69.0,73.91117772524586,73.91117772524578
46.0,43.15682078009477,43.15682078009468
89.0,88.0071783442246,88.00717834422451
30.0,31.87077026659503,31.870770266594945
27.0,29.249265628313694,29.2492656283136
20.0,20.506507850767495,20.5065078507674
43.0,43.25061265964174,43.25061265964163
38.0,41.37778105425984,41.37778105425974
78.0,78.6491546618263,78.64915466182623
85.0,84.65780525414873,84.65780525414863
65.0,66.69779724040387,66.69779724040377
50.0,49.895024274254176,49.895024274254084
52.0,53.58828866673068,53.5882886667306
61.0,61.46977086443499,61.4697708644349
60.0,58.98493660522378,58.9849366052237
38.0,36.5430157709977,36.5430157709976
46.0,53.615946287716085,53.61594628771601
41.0,41.21117152753649,41.21117152753639
39.0,40.73611830800749,40.736118308007406
38.0,36.22859406568089,36.22859406568081
39.0,37.41026936335075,37.41026936335064
63.0,62.96626002495599,62.96626002495593
82.0,84.26096769184987,84.2609676918498
25.0,26.782880287400403,26.782880287400314
73.0,68.66752764435543,68.66752764435536
52.0,51.93797515176592,51.93797515176582
25.0,25.894618299337637,25.89461829933755
72.0,76.40541118248376,76.40541118248368
68.0,64.99346342639258,64.9934634263925
37.0,37.178776793287724,37.17877679328764
27.0,25.336321678062024,25.336321678061925
70.0,71.764165545617,71.7641655456169
64.0,64.85821176140036,64.85821176140027
22.0,23.353527046600703,23.353527046600604
48.0,46.90472920177757,46.90472920177747
30.0,30.038974776201094,30.038974776201016
19.0,18.100792034176397,18.1007920341763
41.0,44.25737516370689,44.2573751637068
47.0,49.06215757161341,49.06215757161333
60.0,62.37376700930731,62.37376700930723
28.0,29.23120621713394,29.23120621713385
64.0,62.31487529774441,62.31487529774432
61.0,64.07515183878861,64.07515183878853
67.0,66.16082328133078,66.16082328133069
65.0,63.811240687111805,63.811240687111734
84.0,83.8706555836731,83.87065558367303
53.0,54.52773242119799,54.5277324211979
68.0,68.50870810624168,68.5087081062416
38.0,40.57382318782635,40.57382318782628
69.0,64.24364963015923,64.24364963015915
89.0,85.77039730872704,85.77039730872696
78.0,79.90125562811676,79.90125562811667
51.0,51.857995001042084,51.85799500104199
57.0,58.20175291145845,58.20175291145836
57.0,53.374308066236516,53.37430806623644
44.0,44.45290684590314,44.45290684590305
28.0,29.57520797142256,29.57520797142248
21.0,22.353927046082987,22.353927046082887
23.0,24.95147430412463,24.951474304124535
62.0,62.06099934559617,62.06099934559609
24.0,23.159259898891953,23.159259898891854
60.0,61.21369342907015,61.213693429070084
71.0,72.7637655461347,72.76376554613462
53.0,55.6355635151479,55.63556351514782
25.0,26.41523061653904,26.415230616538935
74.0,71.84721845202439,71.84721845202432
28.0,28.863043268000794,28.86304326800069
24.0,23.240615035991276,23.24061503599119
58.0,61.23827829437198,61.23827829437191
74.0,75.61023730035697,75.6102373003569
69.0,71.81303537691693,71.81303537691686
79.0,79.07377361626416,79.07377361626408
71.0,68.57318832319756,68.57318832319748
79.0,78.18118765729591,78.18118765729582
68.0,72.32648519057088,72.32648519057079
51.0,50.18540855588009,50.18540855587999
50.0,50.140999785904825,50.14099978590475
66.0,65.94376992515303,65.94376992515295
59.0,59.736638666104405,59.73663866610433
61.0,60.235729309324306,60.23572930932422
57.0,59.543556009431974,59.54355600943189
81.0,81.21665232032676,81.21665232032669
79.0,78.38631754929781,78.38631754929773
77.0,76.51293850230499,76.5129385023049
76.0,74.81104039455191,74.81104039455184
85.0,88.01910180840045,88.01910180840036
83.0,80.3222543852601,80.32225438526001
46.0,43.770835469724965,43.77083546972487
34.0,32.74687456744036,32.746874567440244
43.0,43.19301589100313,43.19301589100304
60.0,60.10700309845414,60.10700309845406
58.0,56.67902484402994,56.679024844029854
38.0,40.46260894652504,40.46260894652495
53.0,56.09688129440262,56.09688129440254
51.0,52.933327469926994,52.93332746992691
44.0,43.2561211215835,43.25612112158342
72.0,69.83795069061397,69.8379506906139
68.0,69.29125475058163,69.29125475058156
71.0,71.28840855247701,71.28840855247694
31.0,33.64737428617178,33.64737428617169
82.0,80.54531991728814,80.54531991728805
42.0,39.176134409787934,39.17613440978784
73.0,77.89269164031727,77.89269164031721
67.0,67.33671106182868,67.3367110618286
56.0,55.34517923352199,55.345179233521925
30.0,30.92416400858028,30.924164008580192
45.0,43.44244410109228,43.44244410109218
43.0,42.22941094169131,42.22941094169122
38.0,38.18003083541112,38.180030835411024
72.0,73.61717324632546,73.61717324632538
84.0,84.3107744718789,84.31077447187883
61.0,58.83520199864389,58.83520199864382
43.0,43.49237465227491,43.49237465227482
63.0,63.12114509928246,63.121145099282366
68.0,70.01837194616043,70.01837194616036
76.0,77.31825803584833,77.31825803584827
48.0,45.653812726523434,45.65381272652334
45.0,44.745726833787245,44.745726833787145
34.0,30.516976980260065,30.516976980259976
70.0,71.31244597616792,71.31244597616784
31.0,31.2651826149998,31.265182614999706
64.0,68.41015526606633,68.41015526606624
37.0,31.855036109785487,31.855036109785388
43.0,45.6375652914421,45.63756529144201
61.0,58.99378731371606,58.99378731371597
18.0,19.719358180291884,19.7193581802918
74.0,71.88510176787757,71.8851017678775
67.0,65.71216690320205,65.71216690320196
50.0,47.674804940330745,47.67480494033067
59.0,56.23395449985654,56.23395449985646
69.0,68.28976648541666,68.28976648541656
86.0,85.61590174151875,85.61590174151866
43.0,45.833844474951725,45.83384447495165
70.0,73.54438976248824,73.54438976248815
87.0,85.78369575927839,85.78369575927832
38.0,39.02206251303696,39.02206251303686
61.0,62.049075881420315,62.049075881420244
78.0,78.01457813057257,78.01457813057249
29.0,31.763132494885806,31.763132494885713
42.0,41.759242453944324,41.759242453944246
85.0,81.905249150627,81.90524915062693
72.0,73.0217312461468,73.02173124614671
52.0,54.29915842722818,54.29915842722807
60.0,57.06690124594851,57.06690124594842
40.0,39.307296326916294,39.30729632691621
40.0,41.398789449969556,41.398789449969456
62.0,64.71205362441256,64.71205362441248
61.0,60.84427926471513,60.84427926471504
80.0,81.38747536606758,81.3874753660675
78.0,78.44277355460252,78.44277355460243
79.0,79.63609326121804,79.63609326121798
67.0,66.92751199770758,66.92751199770748
50.0,48.72586576248315,48.72586576248306
75.0,75.84963031091755,75.84963031091746
74.0,74.43824025594397,74.43824025594391
72.0,75.06900609456402,75.06900609456393
53.0,49.62797364270819,49.6279736427081
60.0,56.06005869843215,56.06005869843206
72.0,70.17168302233242,70.17168302233235
65.0,65.98705125106,65.98705125105991
41.0,41.832573379392485,41.8325733793924
51.0,53.08011309197691,53.08011309197683
42.0,40.30740960570577,40.30740960570569
23.0,23.680733924197078,23.680733924196982
68.0,71.29387328671639,71.2938732867163
34.0,32.662804668852644,32.66280466885256
87.0,87.63492564722756,87.6349256472275
45.0,44.815481289643294,44.8154812896432
65.0,64.58332741354239,64.5833274135423
36.0,37.961726264011475,37.961726264011375
66.0,65.79509603845584,65.79509603845575
72.0,71.8519794126528,71.85197941265272
31.0,31.388444091630596,31.3884440916305
55.0,56.431798117157385,56.43179811715729
28.0,27.303492604601804,27.3034926046017
43.0,42.50323456966658,42.503234569666496
77.0,76.91115105097933,76.91115105097926
80.0,81.79879586995408,81.798795869954
52.0,48.6019005122414,48.60190051224129
78.0,76.93215944668904,76.93215944668897
45.0,46.247680728547614,46.24768072854755
56.0,54.41344542421307,54.41344542421299
53.0,53.827601633840054,53.82760163383997
45.0,43.74561355499776,43.74561355499767
49.0,47.38115740768207,47.381157407681975
43.0,43.72755414381801,43.72755414381791
73.0,70.6799823682398,70.67998236823973
42.0,39.72526605607846,39.72526605607838
85.0,81.98755455572103,81.98755455572095
35.0,37.23543661319725,37.235436613197166
35.0,35.18816176478004,35.18816176477995
40.0,41.64074193794194,41.640741937941854
77.0,76.04811097764377,76.04811097764369
53.0,56.61454462707405,56.61454462707396
24.0,23.76260233956819,23.762602339568097
57.0,57.371131419736685,57.3711314197366
47.0,47.90979393653464,47.909793936534555
58.0,53.441626815834375,53.4416268158343
88.0,85.95746778954918,85.9574677895491
75.0,73.40319264583128,73.40319264583121
30.0,27.748686719928806,27.748686719928713
82.0,79.31805135860672,79.31805135860667
19.0,22.48816171889493,22.488161718894837
44.0,40.69897292910443,40.69897292910435
68.0,70.30348198888616,70.30348198888609
50.0,49.634622867983865,49.634622867983786
65.0,63.26930570770787,63.2693057077078
43.0,41.12473264687618,41.1247326468761
63.0,61.36575329002026,61.36575329002017
50.0,53.999609170617184,53.99960917061709
42.0,43.048555523323415,43.04855552332332
45.0,41.02291655567805,41.02291655567795
74.0,70.74065189256198,70.74065189256191
80.0,77.08189405326895,77.08189405326887
38.0,35.93333837153859,35.933338371538504
42.0,44.01372490642643,44.01372490642633
77.0,79.00401916040809,79.00401916040802
76.0,75.82559288722663,75.82559288722656
71.0,70.54882045111144,70.54882045111137
86.0,86.25693700270895,86.25693700270888
74.0,73.41755181626533,73.41755181626527
23.0,24.604443521854833,24.604443521854726
49.0,50.58713084996093,50.58713084996083
83.0,83.44898561376523,83.44898561376516
41.0,38.40565584485097,38.405655844850884
45.0,47.088850698069734,47.08885069806965
63.0,59.95317874401037,59.9531787440103
82.0,81.57509328850065,81.57509328850057
21.0,19.369767920610286,19.36976792061018
77.0,77.98038173619949,77.9803817361994
90.0,91.22593695878302,91.22593695878297
42.0,41.369443624039334,41.36944362403925
50.0,47.718086266237705,47.71808626623762
41.0,43.870763296275825,43.87076329627574
60.0,62.10447116684232,62.10447116684226
71.0,70.08623813736922,70.08623813736914
63.0,64.02765699386417,64.0276569938641
45.0,42.11103419684253,42.111034196842446
67.0,62.97818348913185,62.97818348913177
51.0,51.222344430640035,51.22234443063995
54.0,56.941875275824046,56.94187527582396
32.0,32.49977161172141,32.499771611721314
43.0,43.30706866494643,43.307068664946335
18.0,21.595575759926692,21.59557575992659
62.0,63.09793522035614,63.097935220356064
42.0,44.34876550033479,44.34876550033471
39.0,38.918558216894,38.9185582168939
51.0,50.59566833988387,50.59566833988379
83.0,81.07462765890523,81.07462765890516
35.0,35.720418490927116,35.72041849092703
37.0,35.637878862791474,35.63787886279138
58.0,58.11988449608734,58.119884496087245
57.0,57.773557487428505,57.77355748742841
62.0,61.98715514187624,61.98715514187617
57.0,57.346422783281255,57.34642278328116
47.0,48.42474250771769,48.424742507717625
38.0,36.93997710445014,36.93997710445005
62.0,60.43118094806936,60.431180948069276
53.0,56.65920093935651,56.65920093935643
41.0,42.703916719609396,42.7039167196093
44.0,45.00561496178576,45.005614961785675
37.0,41.71458614166186,41.71458614166177
36.0,32.526244741670496,32.5262447416704
63.0,62.525826870257404,62.52582687025732
82.0,80.24703519516466,80.24703519516459
84.0,85.53289256281373,85.53289256281366
54.0,52.92372926012135,52.923729260121256
80.0,76.60621710358018,76.6062171035801
54.0,51.67933823898929,51.679338238989196
59.0,59.741399626732814,59.74139962673273
51.0,50.184347835997386,50.18434783599729
45.0,45.34769428808798,45.34769428808788
65.0,65.96729407057217,65.96729407057208
64.0,67.6516802087564,67.65168020875632
59.0,56.20220713100726,56.20220713100719
41.0,41.45662044164976,41.456620441649676
55.0,54.9301584888898,54.93015848888972
12.0,16.320178310186986,16.320178310186897
70.0,70.75804009097722,70.75804009097713
69.0,67.24154419590622,67.24154419590613
47.0,47.74983363508698,47.749833635086894
56.0,56.861771353946615,56.861771353946516
69.0,71.96626640963771,71.96626640963764
81.0,82.38219063480328,82.38219063480321
24.0,25.39053247244774,25.390532472447635
63.0,63.43950126838657,63.43950126838649
68.0,66.29009693381188,66.29009693381178
70.0,73.7572295996485,73.75722959964843
49.0,51.41417587209058,51.414175872090496
42.0,37.62448418688651,37.62448418688643
40.0,41.279741492356244,41.27974149235615
72.0,72.09550589877965,72.09550589877956
28.0,28.072193356779486,28.072193356779394
54.0,55.06659464491834,55.066594644918254
48.0,49.80186944413259,49.801869444132514
42.0,41.13244259203455,41.132442592034465
48.0,48.090886404845634,48.090886404845556
41.0,43.214651771774975,43.214651771774896
38.0,36.81495113432568,36.8149511343256
93.0,92.7306056150318,92.73060561503172
33.0,29.97028104022773,29.97028104022764
66.0,68.72768389040584,68.72768389040577
50.0,52.020904287019725,52.020904287019626
62.0,62.77957905125202,62.779579051251936
73.0,70.01172272088475,70.01172272088468
61.0,61.287024354518316,61.28702435451824
29.0,25.73095775714427,25.730957757144182
33.0,34.731044185277185,34.73104418527709
88.0,87.93077466309286,87.93077466309279
56.0,54.90231037256521,54.90231037256511
47.0,50.77420133078307,50.77420133078297
73.0,73.35444658568494,73.35444658568488
32.0,32.331464315689985,32.33146431568989
54.0,54.93555649894358,54.935556498943505
78.0,77.34580520494575,77.34580520494566
23.0,25.69137667198301,25.691376671982933
71.0,71.43708243917422,71.43708243917413
41.0,43.84491389648649,43.84491389648641
77.0,78.98419525573466,78.98419525573459
86.0,83.42145176393345,83.42145176393338
80.0,78.37628234976924,78.37628234976916
96.0,93.90925188472045,93.90925188472038
25.0,28.250726347678686,28.25072634767858
70.0,69.74348759830248,69.74348759830241
90.0,86.54204704543469,86.5420470454346
66.0,62.2908378740535,62.29083787405342
27.0,25.761131127839068,25.761131127838986
69.0,68.89071694753709,68.89071694753702
49.0,49.22330236409738,49.22330236409729
37.0,36.81852760391779,36.81852760391768
40.0,39.54366030949569,39.54366030949561
41.0,42.186062891598766,42.186062891598674
77.0,74.1350708020385,74.13507080203843
31.0,30.81703951514283,30.817039515142735
88.0,89.46133644683334,89.46133644683329
41.0,41.93671472496082,41.93671472496074
76.0,77.45890771089435,77.45890771089428
75.0,77.2158945030393,77.21589450303921
81.0,81.85544237059797,81.8554423705979
46.0,43.112288238965924,43.11228823896582
37.0,36.12866623913003,36.12866623912993
82.0,82.83423298718492,82.83423298718483
73.0,72.20987293921577,72.20987293921569
52.0,53.98292474581292,53.982924745812845
36.0,36.200936444695486,36.2009364446954
41.0,44.43012063743413,44.430120637434044
48.0,49.95148027955888,49.95148027955879
64.0,61.309173513561944,61.30917351356186
30.0,30.01532685962836,30.015326859628267
72.0,72.88785456753006,72.88785456753
46.0,47.77568303487631,47.77568303487622
82.0,79.80014331052958,79.80014331052949
36.0,37.73444721296595,37.73444721296586
46.0,48.185819047726504,48.185819047726405
44.0,40.61454503632153,40.614545036321424
23.0,21.380410668396216,21.380410668396124
71.0,68.9784870868705,68.97848708687042
63.0,60.893763261811586,60.8937632618115
31.0,29.586618157326637,29.58661815732655
52.0,55.03347228969357,55.03347228969348
47.0,48.00783349843822,48.00783349843814
59.0,56.30075997118262,56.30075997118255
97.0,93.02217438769401,93.02217438769391
63.0,65.4838271322738,65.48382713227375
53.0,52.579837957720706,52.57983795772063
51.0,49.61668722795772,49.61668722795765
74.0,74.02184452493628,74.0218445249362
40.0,42.290080466013514,42.2900804660134
90.0,88.92423871660667,88.9242387166066
59.0,58.7130012418958,58.71300124189572
76.0,80.07451438011576,80.07451438011569
34.0,36.92923813131059,36.92923813131051
51.0,52.39698099591605,52.39698099591596
47.0,45.71534395894933,45.71534395894926
40.0,43.0545676991737,43.05456769917361
67.0,68.27721553617867,68.2772155361786
64.0,63.17654038470448,63.17654038470438
54.0,52.180988359621,52.180988359620905
69.0,68.76080624563062,68.76080624563055
75.0,76.58921841228312,76.58921841228303
86.0,86.79289396960175,86.79289396960166
78.0,77.99073120222087,77.9907312022208
47.0,45.29599924341167,45.29599924341157
16.0,16.46991291676687,16.469912916766788
84.0,87.85079451236902,87.85079451236896
12.0,14.541138584352044,14.541138584351955
81.0,81.81197054935181,81.81197054935174
54.0,56.27605133472719,56.276051334727114
79.0,80.07093791052367,80.07093791052358
57.0,57.753733582755075,57.753733582755
38.0,33.676172670491084,33.676172670490985
19.0,21.49037369447565,21.49037369447555
32.0,32.736135594300805,32.736135594300706
52.0,51.199447770283044,51.199447770282944
30.0,29.417449153191505,29.417449153191402
36.0,34.29738402700787,34.29738402700778
59.0,61.34474489431054,61.344744894310445
25.0,25.417676815161364,25.41767681516128
50.0,45.566122630641225,45.56612263064114
60.0,58.059728250036926,58.059728250036834
77.0,81.01679666722504,81.01679666722495
40.0,37.851249959660265,37.85124995966017
47.0,45.11797953078426,45.11797953078416
48.0,48.87697535543854,48.87697535543846
78.0,77.08315858775646,77.08315858775637
26.0,26.619847230269162,26.61984723026907
68.0,69.37418388583545,69.37418388583536
25.0,26.301177842595727,26.301177842595646
18.0,22.506221130074678,22.506221130074593
58.0,57.62268211751471,57.62268211751463
54.0,53.635770192389515,53.63577019238943
69.0,68.23024728879163,68.23024728879153
61.0,60.595868046806274,60.59586804680618
30.0,27.94960309291322,27.949603092913136
41.0,41.52834320560431,41.528343205604216
78.0,78.44709752550798,78.4470975255079
45.0,42.10847471943074,42.10847471943063
32.0,32.52636851282411,32.52636851282402
60.0,60.26232621042701,60.262326210426934
24.0,21.693178332107344,21.69317833210726
34.0,33.587765481732276,33.5877654817322
62.0,67.87372874860415,67.8737287486041
63.0,62.600532782081046,62.600532782080975
34.0,36.61414521322925,36.61414521322917
69.0,68.35067023278043,68.35067023278036
77.0,77.74106876909012,77.74106876909005
44.0,46.15302714089694,46.153027140896846
29.0,29.892189154151183,29.892189154151097
60.0,61.3224719641133,61.32247196411321
30.0,32.478763216011686,32.478763216011586
75.0,75.0756553198397,75.07565531983961
45.0,43.715440184302956,43.71544018430286
46.0,43.58195301280439,43.58195301280429
73.0,74.3083295540375,74.30832955403744
44.0,45.79288840341498,45.79288840341489
34.0,32.69349131781922,32.69349131781914
23.0,22.422107503784574,22.42210750378448
32.0,35.73729341107057,35.73729341107048
75.0,77.63637998191086,77.63637998191078
74.0,70.91685962909098,70.9168596290909
48.0,48.4487799314086,48.448779931408524
21.0,21.593250505556487,21.59325050555639
46.0,45.77073924437134,45.77073924437127
49.0,52.685587464782664,52.685587464782586
50.0,50.843442508367346,50.84344250836726
54.0,48.262222728858234,48.26222272885814
31.0,33.01459641175085,33.01459641175076
37.0,36.04097614324783,36.04097614324774
35.0,37.09478693815124,37.09478693815116
75.0,73.76809234394166,73.76809234394157
39.0,42.073027109835756,42.07302710983565
66.0,66.49931657367765,66.49931657367755
64.0,63.510396487576536,63.51039648757644
54.0,52.07114910469515,52.07114910469508
44.0,45.16727303254151,45.16727303254142
54.0,52.95928732160432,52.959287321604236
68.0,71.99262908769882,71.99262908769873
47.0,46.60718241660421,46.60718241660412
51.0,52.36617057579586,52.36617057579576
80.0,79.52424197049132,79.52424197049126
49.0,49.671958742226124,49.67195874222604
40.0,38.37799822386556,38.377998223865475
67.0,65.33924299344051,65.33924299344041
46.0,45.20566962666646,45.20566962666635
80.0,77.93478847518793,77.93478847518787
62.0,62.03999094988646,62.039990949886366
68.0,67.29323924058252,67.29323924058244
41.0,44.543032648043535,44.54303264804345
50.0,51.37207903721993,51.37207903721984
32.0,38.73695247031123,38.736952470311124
81.0,79.78220767050344,79.78220767050335
31.0,28.504602299826914,28.504602299826807
22.0,24.173922843454683,24.173922843454594
74.0,76.01615979418968,76.0161597941896
77.0,70.16259809079854,70.16259809079845
17.0,16.03136802671555,16.031368026715455
26.0,24.648976062983674,24.648976062983582
90.0,92.44687055868155,92.4468705586815
68.0,68.28512929594186,68.28512929594179
66.0,65.05550793709027,65.05550793709018
72.0,73.00961728663175,73.00961728663165
63.0,63.54300556452952,63.54300556452945
30.0,28.030096521908828,28.03009652190873
43.0,42.82961390249838,42.82961390249829
73.0,73.2797406738613,73.27974067386123
71.0,71.49848990044651,71.49848990044644
53.0,53.06154040252539,53.0615404025253
53.0,54.35750269718015,54.35750269718005
52.0,53.77114562853535,53.771145628535265
28.0,28.85230429486125,28.852304294861156
61.0,62.38411647532869,62.38411647532862
82.0,81.26948812833697,81.26948812833689
83.0,81.10889077746393,81.10889077746384
91.0,91.88192471213029,91.8819247121302
77.0,77.44930950108872,77.44930950108863
44.0,43.076840629370935,43.07684062937085
44.0,45.628714582949826,45.628714582949755
63.0,62.27510371724396,62.275103717243866
57.0,57.98588404631699,57.98588404631691
48.0,47.322185652667955,47.32218565266787
66.0,68.66563937970817,68.66563937970808
64.0,64.87930020056127,64.8793002005612
44.0,42.990211253371434,42.990211253371335
55.0,55.666250164114494,55.6662501641144
57.0,62.563710186110576,62.56371018611049
27.0,25.022603746356197,25.02260374635611
22.0,21.25030947115055,21.25030947115045
70.0,68.3866311206472,68.38663112064711
25.0,29.694849250758857,29.69484925075876
56.0,56.50387782738364,56.503877827383555
65.0,71.10625536428333,71.10625536428324
66.0,65.96604285535027,65.96604285535018
26.0,25.288950604291188,25.288950604291102
74.0,74.43454001519827,74.4345400151982
26.0,30.403203261546942,30.403203261546835
60.0,60.193632474453665,60.193632474453565
43.0,41.58058569189153,41.58058569189144
41.0,39.53870885352809,39.53870885352801
42.0,40.81747344510683,40.81747344510674
71.0,70.48319947082166,70.48319947082159
49.0,47.27237887263893,47.272378872638846
28.0,27.93386893610368,27.93386893610358
54.0,52.86494800044644,52.86494800044636
60.0,57.180674964661634,57.18067496466156
31.0,29.249265628313694,29.2492656283136
74.0,72.83352000199076,72.83352000199068
29.0,29.75744120306747,29.757441203067376
36.0,35.59526874964904,35.59526874964895
52.0,51.37220280837352,51.37220280837346
53.0,54.77358416169504,54.77358416169495
29.0,31.73138512603652,31.73138512603645
80.0,78.73334833156761,78.73334833156754
29.0,28.21421801820101,28.214218018200917
41.0,36.76093083527917,36.76093083527909
68.0,69.46608750073511,69.46608750073503
78.0,81.52021128135041,81.52021128135033
37.0,39.94049787179453,39.940497871794435
73.0,72.8177858451812,72.81778584518112
64.0,64.35498764261416,64.3549876426141
71.0,67.12084219668722,67.12084219668716
50.0,49.37060126441907,49.37060126441898
59.0,61.96363099645711,61.96363099645704
80.0,81.58036752740082,81.58036752740074
56.0,56.64114152817675,56.641141528176675
55.0,59.572354393751276,59.57235439375118
49.0,50.40076414274976,50.40076414274966
88.0,86.1883670378892,86.18836703788912
79.0,79.22772174186153,79.22772174186144
56.0,56.71690815988312,56.716908159883026
52.0,52.20746148957008,52.20746148957
46.0,49.51136139135308,49.51136139135299
75.0,72.10585536480103,72.10585536480096
60.0,62.44603721487277,62.44603721487269
67.0,70.04717033047973,70.04717033047966
56.0,56.272978579043624,56.272978579043524
61.0,59.56043092957541,59.56043092957534
37.0,36.36924374072691,36.369243740726816
39.0,39.99231668762444,39.99231668762436
81.0,80.23806071551877,80.2380607155187
47.0,46.260664912606174,46.26066491260608
18.0,17.120435935874738,17.12043593587464
93.0,90.64135770289752,90.64135770289747
73.0,72.7335921754399,72.73359217543981
29.0,24.23935332840526,24.239353328405162
32.0,33.418720248750745,33.41872024875066
33.0,32.78488165444713,32.78488165444704
57.0,55.69201952045262,55.692019520452526
49.0,48.18160552870903,48.18160552870893
92.0,89.44992626092927,89.4499262609292
89.0,90.7346363041727,90.73463630417262
44.0,46.11883074652385,46.11883074652377
65.0,63.67291626643599,63.67291626643592
37.0,33.93059606425023,33.93059606425014
58.0,55.43338260767598,55.43338260767589
86.0,84.67110370470006,84.67110370469999
37.0,38.13443757439958,38.13443757439948
22.0,24.12887702405405,24.128877024053963
41.0,40.19607159325084,40.19607159325075
48.0,45.999079015299564,45.99907901529948
27.0,28.965216305470655,28.96521630547056
78.0,80.01448190521894,80.01448190521889
80.0,79.81481674745643,79.81481674745636
80.0,80.89353519059426,80.89353519059416
70.0,70.60885292600825,70.60885292600815
31.0,30.77970364090058,30.779703640900475
26.0,27.612126792746665,27.612126792746565
64.0,65.18002062894296,65.18002062894287
72.0,74.22697441693818,74.2269744169381
63.0,63.13814379057952,63.138143790579434
62.0,62.95052586814646,62.95052586814637
63.0,62.18551203744886,62.185512037448774
67.0,67.5927084537423,67.59270845374222
74.0,74.38811920942214,74.38811920942206
32.0,33.94684349933155,33.946843499331464
39.0,38.16567166497707,38.16567166497697
47.0,45.89144124359034,45.89144124359024
55.0,56.33745879599949,56.337458795999424
76.0,77.92392573089478,77.92392573089471
49.0,49.28829585932503,49.288295859324954
57.0,56.85103238080706,56.85103238080698
13.0,15.053527678123304,15.05352767812321
70.0,70.32154140006591,70.32154140006585
56.0,61.042122882015974,61.042122882015875
45.0,45.56667007225215,45.56667007225206
55.0,54.927722782631605,54.92772278263152
22.0,20.949186216385087,20.949186216385
32.0,32.83657669912344,32.83657669912335
52.0,51.441913536527196,51.4419135365271
60.0,58.635346345542175,58.63534634554208
37.0,37.231223094179775,37.23122309417969
25.0,27.170632918165367,27.17063291816526
17.0,17.887952197016126,17.887952197016027
79.0,78.42714984968097,78.42714984968087
81.0,80.40360952235942,80.40360952235935
86.0,84.78000601089681,84.78000601089673
32.0,31.24641943020908,31.246419430208984
21.0,20.7980766234297,20.7980766234296
58.0,61.130764293816355,61.130764293816284
99.0,95.53190777869983,95.53190777869975
94.0,91.95781511499021,91.95781511499015
34.0,34.39053885712945,34.39053885712934
70.0,68.59789695965299,68.59789695965291
82.0,78.08452308176783,78.08452308176776
43.0,46.32872159915415,46.328721599154065
71.0,71.0539328345449,71.05393283454481
45.0,45.95887044507619,45.95887044507611
72.0,72.48054376805625,72.48054376805617
82.0,81.24788641090426,81.24788641090419
59.0,58.8613608621002,58.8613608621001
74.0,74.44897922908352,74.44897922908345
32.0,32.249048458707954,32.24904845870786
65.0,64.31509229096011,64.31509229096002
36.0,35.46240906321261,35.46240906321252
47.0,44.20568011903058,44.20568011903049
73.0,73.12335684200573,73.12335684200566
57.0,56.404140496171976,56.40414049617189
37.0,39.274050200537914,39.274050200537815
87.0,85.17940305060746,85.17940305060738
60.0,61.48413003486904,61.48413003486895
39.0,36.62913186872544,36.62913186872534
21.0,21.38022017305702,21.380220173056912
49.0,48.08423717956995,48.084237179569875
22.0,25.743508706382254,25.74350870638215
24.0,26.29928957794845,26.29928957794836
62.0,60.188167740214276,60.1881677402142
26.0,25.244418063162346,25.244418063162257
84.0,85.19679124902268,85.19679124902261
62.0,62.66666704064261,62.66666704064253
37.0,38.2168534313816,38.21685343138151
31.0,30.16211248167828,30.162112481678186
73.0,75.71016512690784,75.71016512690775
72.0,71.87720132737999,71.87720132737992
62.0,62.77663006672205,62.776630066721964
47.0,44.166018990418124,44.16601899041804
59.0,59.543556009431974,59.54355600943189
58.0,60.47327778294,60.473277782939924
32.0,33.48434122904054,33.48434122904044
47.0,44.797421878463545,44.79742187846345
82.0,78.74475851747171,78.74475851747161
75.0,74.81525391356939,74.81525391356932
43.0,40.54597507150177,40.54597507150167
79.0,80.97721558206379,80.9772155820637
51.0,47.467786783681575,47.46778678368148
56.0,57.910117414610646,57.91011741461056
87.0,88.21336895610918,88.2133689561091
71.0,72.70424634950966,72.70424634950959
85.0,84.52664333702035,84.52664333702026
74.0,71.6708869443418,71.67088694434172
65.0,62.908429033275794,62.908429033275716
38.0,38.96730427704033,38.967304277040235
72.0,74.51928112655051,74.51928112655042
84.0,86.3658393089057,86.36583930890562
50.0,47.13149497455131,47.13149497455122
49.0,45.65223872836896,45.65223872836888
45.0,45.887741002844635,45.887741002844535
62.0,62.89638179794633,62.896381797946255
44.0,40.53593987197319,40.5359398719731
20.0,17.41463091013435,17.414630910134257
62.0,63.997607394322976,63.997607394322905
79.0,78.03031228738212,78.03031228738205
36.0,38.698555876186276,38.698555876186184
74.0,76.84258108615958,76.8425810861595
78.0,78.33281052852308,78.332810528523
74.0,72.95854597211522,72.95854597211513
76.0,73.9925328623452,73.99253286234513
69.0,69.01806817203176,69.01806817203168
59.0,61.163059104276556,61.16305910427647
50.0,50.787499781334425,50.78749978133433
48.0,52.54131759244215,52.54131759244206
71.0,71.22002908299646,71.22002908299639
79.0,78.08314809539232,78.08314809539223
69.0,71.47496575502737,71.47496575502731
74.0,73.12579254826393,73.12579254826386
66.0,66.33219376868253,66.33219376868244
78.0,79.22464898617795,79.22464898617787
68.0,69.48065048577399,69.48065048577391
75.0,76.34199168541058,76.34199168541048
25.0,28.95380611956658,28.953806119566476
40.0,39.406909886974354,39.406909886974255
34.0,37.59682656590111,37.596826565901026
66.0,65.24187464430145,65.24187464430136
43.0,45.134854450927705,45.134854450927605
55.0,53.14679479214939,53.1467947921493
26.0,24.5822943628112,24.58229436281112
36.0,34.385264618229264,34.38526461822918
84.0,84.28744082179898,84.2874408217989
60.0,61.02418724198982,61.024187241989736
67.0,67.59778368086351,67.59778368086344
54.0,53.77114562853535,53.771145628535265
45.0,42.92045679751538,42.92045679751528
72.0,72.06375852993037,72.0637585299303
17.0,18.200719860727254,18.200719860727155
24.0,25.547977024186,25.547977024185894
36.0,37.485099046328,37.485099046327925
74.0,72.9688954381366,72.96889543813651
61.0,61.56411018559288,61.56411018559278
77.0,75.92044548665629,75.92044548665622
52.0,51.222344430640035,51.22234443063995
43.0,41.73980805638907,41.73980805638898
18.0,21.10671081157456,21.106710811574466
52.0,51.47011859912352,51.470118599123424
55.0,56.14795260891916,56.14795260891907
61.0,60.8834137957902,60.88341379579011
38.0,40.57500767886266,40.57500767886258
50.0,49.73506397280651,49.73506397280642
45.0,45.3170076391214,45.3170076391213
31.0,32.72472540839672,32.72472540839664
26.0,27.94960309291322,27.949603092913136
31.0,32.51959551639483,32.51959551639473
44.0,44.281960029008715,44.281960029008616
82.0,79.10151128070076,79.10151128070069
59.0,56.7763264689834,56.776326468983314
74.0,78.60580661173375,78.60580661173367
93.0,89.01614233150634,89.01614233150625
41.0,42.30707915731056,42.30707915731047
22.0,20.129494193142083,20.129494193142
20.0,18.962580892290056,18.962580892289957
50.0,47.50493216258463,47.50493216258453
90.0,87.1255655814375,87.12556558143743
82.0,82.4988028861584,82.49880288615832
37.0,40.75110496350367,40.75110496350357
47.0,48.473364796710435,48.473364796710335
74.0,74.03207021980406,74.03207021980397
88.0,86.02670896713346,86.02670896713339
55.0,54.934919449518205,54.93491944951812
50.0,48.90219727016575,48.90219727016567
50.0,51.38907772851698,51.38907772851691
39.0,38.37186227686167,38.37186227686156
57.0,59.443818678220296,59.443818678220225
23.0,21.088651400394816,21.088651400394717
82.0,80.2061895755159,80.20618957551582
76.0,70.9089591885934,70.90895918859333
72.0,71.791946937756,71.79194693775592
60.0,61.226244378308145,61.22624437830805
48.0,44.419771171412755,44.41977117141266
34.0,34.56801112814594,34.56801112814584
57.0,55.722192891147415,55.72219289114733
51.0,52.47683737548628,52.47683737548618
66.0,63.65961781588464,63.65961781588456
49.0,49.24852427882458,49.2485242788245
27.0,27.592302888073245,27.592302888073146
45.0,48.266983689486636,48.266983689486544
72.0,70.2384884936585,70.23848849365842
66.0,63.67397698631869,63.673976986318614
76.0,72.51052664341184,72.51052664341177
29.0,31.57500129418096,31.57500129418088
78.0,77.7098346785126,77.70983467851255
48.0,47.76112004983745,47.76112004983735
55.0,51.941047907449494,51.94104790744941
79.0,78.24310839684,78.2431083968399
29.0,30.560962079778008,30.560962079777916
44.0,44.44393236625725,44.44393236625717
82.0,82.0549837572069,82.05498375720681
71.0,69.15111835380739,69.15111835380732
53.0,53.58301442783052,53.583014427830435
40.0,38.5097971904193,38.50979719041922
37.0,37.57943836748588,37.5794383674858
67.0,66.96075812408596,66.96075812408588
52.0,49.49047676679696,49.49047676679689
24.0,26.204950256790575,26.204950256790482
52.0,51.19047329063715,51.190473290637065
26.0,26.942102651897955,26.942102651897855
48.0,52.5230676859232,52.5230676859231
51.0,51.18500855639778,51.18500855639769
76.0,77.94619866109201,77.94619866109194
83.0,79.01299364005399,79.01299364005389
88.0,87.39718667827267,87.39718667827259
91.0,90.65571687333156,90.6557168733315
62.0,60.64410082868083,60.64410082868074
27.0,27.11008716499679,27.110087164996703
19.0,17.550006346280185,17.5500063462801
59.0,59.28184634097176,59.28184634097167
70.0,69.9671901797559,69.96719017975582
27.0,28.903486061265763,28.903486061265685
68.0,70.0040127757264,70.00401277572632
61.0,59.50692390880069,59.506923908800616
22.0,18.803871806064286,18.803871806064194
57.0,58.1597798477414,58.15977984774132
61.0,59.453853877748884,59.45385387774879
74.0,71.80268591089555,71.80268591089546
49.0,47.69337762978227,47.69337762978219
41.0,40.47590739707639,40.47590739707631
48.0,46.07957244429518,46.07957244429508
68.0,69.17275423457924,69.17275423457917
83.0,80.33610027742236,80.33610027742229
73.0,71.0539328345449,71.05393283454481
82.0,83.45933507978661,83.45933507978654
95.0,94.34547152040157,94.3454715204015
51.0,51.95316186696455,51.953161866964464
54.0,52.9128665158282,52.9128665158281
38.0,40.41504737741501,40.41504737741492
33.0,34.77570049755965,34.77570049755957
80.0,80.13950787534341,80.13950787534334
30.0,30.403203261546942,30.403203261546835
35.0,32.58026504071701,32.58026504071691
31.0,32.0607134433983,32.060713443398214
45.0,48.478639035610605,48.4786390356105
17.0,16.260022064136578,16.260022064136493
68.0,67.32152434663006,67.32152434662996
66.0,66.14582706147135,66.14582706147127
59.0,61.402575885990736,61.402575885990665
67.0,70.77239926141127,70.77239926141118
39.0,39.79502051193452,39.79502051193444
64.0,66.60695434538687,66.60695434538678
89.0,90.36171239441117,90.36171239441109
62.0,60.41871004228257,60.418710042282505
74.0,73.86137094521683,73.86137094521676
49.0,46.34623356872298,46.3462335687229
32.0,31.92730631535095,31.92730631535085
61.0,58.13625570232227,58.13625570232219
81.0,83.39674312747802,83.39674312747793
68.0,69.9131698807094,69.91316988070932
32.0,30.907289088436833,30.907289088436748
52.0,51.87675818583281,51.87675818583273
78.0,77.54258810236391,77.54258810236382
69.0,70.89460001815935,70.89460001815928
68.0,67.93691402263573,67.93691402263566
67.0,68.96404787298525,68.96404787298518
44.0,42.68652852119417,42.68652852119408
40.0,38.19946523296638,38.19946523296629
74.0,73.01508202087112,73.01508202087103
18.0,13.93547088930561,13.93547088930552
63.0,63.597025863576036,63.59702586357595
71.0,67.57834928330826,67.57834928330817
72.0,73.89311831406611,73.89311831406603
67.0,67.8892286823721,67.88922868237202
61.0,60.46608111605342,60.46608111605333
45.0,46.252831196294196,46.252831196294096
29.0,29.74056628292401,29.740566282923922
31.0,30.371332121544057,30.37133212154395
26.0,32.050567791981734,32.050567791981635
59.0,60.2989583110583,60.29895831105822
79.0,75.63671043030607,75.636710430306
33.0,32.35550173938089,32.3555017393808
35.0,37.204078751466156,37.20407875146606
46.0,48.50523593671331,48.50523593671322
51.0,52.242909099165075,52.242909099164976
38.0,37.827725814241134,37.82772581424105
49.0,51.506079486990274,51.506079486990174
73.0,70.76712502251108,70.76712502251101
38.0,40.262753293423316,40.262753293423216
71.0,74.4002331689372,74.40023316893712
51.0,50.00687556498088,50.006875564980795
27.0,27.88649786233284,27.88649786233276
85.0,87.08874298546702,87.08874298546694
19.0,18.731168365678265,18.731168365678165
42.0,44.65909745778773,44.65909745778764
65.0,63.2590800128401,63.25908001284002
23.0,23.16472463313133,23.16472463313123
70.0,65.69780773276798,65.6978077327679
82.0,81.19005541922407,81.19005541922397
59.0,54.64261273990588,54.642612739905786
30.0,32.43001715586534,32.430017155865244
88.0,89.37470707083384,89.37470707083375
40.0,41.60285862208876,41.602858622088675
82.0,84.01268024509463,84.01268024509456
17.0,18.81166179467388,18.811661794673775
25.0,26.40449164339949,26.404491643399396
57.0,58.27815659259017,58.27815659259009
78.0,80.5623186085852,80.56231860858512
65.0,65.30993133084941,65.30993133084934
38.0,35.00171501411765,35.00171501411757
53.0,50.341916158889255,50.34191615888917
66.0,68.77335719486861,68.77335719486852
65.0,66.16546047080558,66.16546047080548
75.0,72.82632333510416,72.82632333510408
57.0,58.761747302042124,58.761747302042046
47.0,44.16239879312363,44.16239879312353
35.0,33.33157759447947,33.33157759447938
89.0,88.16061319155018,88.16061319155011
13.0,12.510111171016156,12.510111171016057
60.0,60.49743897778452,60.49743897778444
68.0,62.9098040196513,62.909804019651226
56.0,53.06806585664746,53.068065856647365
62.0,60.44869291763818,60.448692917638105
50.0,50.89407683316095,50.89407683316088
33.0,31.882180452499103,31.88218045249902
64.0,65.20630326355285,65.20630326355277
75.0,74.02554476568199,74.0255447656819
38.0,40.0679728674428,40.067972867442705
74.0,73.84807249466549,73.8480724946654
74.0,75.18561834591914,75.18561834591904
56.0,54.631873766766326,54.63187376676625
43.0,42.93619095432493,42.936190954324836
52.0,54.822330221841376,54.82233022184128
97.0,96.57655359861816,96.57655359861809
37.0,39.475479851794105,39.475479851794006
57.0,54.57171752071592,54.571717520715836
61.0,64.69041774364071,64.69041774364062
45.0,45.20716838419556,45.207168384195484
79.0,77.92932374094856,77.92932374094849
32.0,34.02544866367988,34.02544866367978
79.0,77.58216918752515,77.58216918752507
40.0,41.56296327043471,41.562963270434594
42.0,42.76049649606771,42.76049649606762
31.0,27.663432330304797,27.66343233030472
42.0,41.90897706052422,41.90897706052414
37.0,34.46041708413912,34.460417084139024
82.0,81.86547757012654,81.86547757012647
47.0,46.54156143631441,46.541561436314325
35.0,30.33600828310268,30.336008283102593
87.0,87.08579400093704,87.08579400093697
59.0,55.15386107034323,55.15386107034315
39.0,37.94610255908992,37.94610255908982
46.0,46.874042552810984,46.874042552810884
41.0,44.62490106341464,44.62490106341456
88.0,90.10540073600475,90.10540073600465
25.0,28.75532545284036,28.755325452840257
77.0,78.23901864897613,78.23901864897604
67.0,66.12230291605222,66.12230291605213
87.0,83.41723824491595,83.4172382449159
50.0,50.8243223773049,50.82432237730481
45.0,42.06523712122616,42.065237121226076
57.0,55.67872106990126,55.67872106990117
34.0,36.3066517884183,36.3066517884182
64.0,59.22043887969946,59.22043887969936
69.0,70.54217122583577,70.54217122583569
21.0,20.83119897865447,20.831198978654378
44.0,47.34200955734136,47.342009557341285
30.0,30.911378836300713,30.91137883630061
51.0,51.0342132299352,51.03421322993512
87.0,85.25989647960306,85.25989647960299
53.0,55.09846578492122,55.09846578492113
61.0,59.79321844256272,59.79321844256265
45.0,47.066064489600734,47.06606448960064
91.0,93.4924666465946,93.49246664659451
47.0,50.16695963758215,50.166959637582075
55.0,57.53837799588541,57.53837799588533
77.0,77.98577974625327,77.9857797462532
17.0,19.595906208321903,19.595906208321807
54.0,51.06596059878448,51.065960598784386
66.0,67.1261164355874,67.12611643558733
79.0,79.48993512423026,79.48993512423017
66.0,65.65012239250436,65.65012239250426
52.0,53.08676231725259,53.08676231725251
53.0,52.73979825916837,52.73979825916829
71.0,69.8865729796067,69.88657297960661
63.0,58.7731574879462,58.77315748794613
55.0,59.141196665925754,59.14119666592566
99.0,97.04822084389426,97.0482208438942
49.0,47.12020855980084,47.12020855980076
86.0,84.95621374742578,84.95621374742572
78.0,78.38769253567331,78.38769253567324
65.0,65.92382224932601,65.92382224932592
57.0,56.362167432454925,56.362167432454854
27.0,26.034127211049743,26.034127211049668
44.0,47.43041674610017,47.43041674610008
49.0,50.37208952958405,50.372089529583974
28.0,29.417449153191505,29.417449153191402
64.0,64.70307914476668,64.70307914476659
39.0,40.40068820698096,40.40068820698088
76.0,74.03219399095767,74.03219399095758
66.0,64.79267082456177,64.79267082456168
87.0,87.06108536448161,87.06108536448154
26.0,27.76198517048016,27.761985170480074
72.0,69.94967821018707,69.94967821018699
46.0,45.69181981353021,45.69181981353013
58.0,55.33482976750062,55.33482976750054
56.0,53.214223993635244,53.21422399363516
76.0,73.40657862008419,73.4065786200841
56.0,54.90419863721249,54.90419863721239
43.0,42.254632856418525,42.254632856418425
86.0,83.29925100718535,83.29925100718526
43.0,43.010158929198454,43.010158929198376
54.0,53.476950654275754,53.476950654275655
74.0,74.97678821317152,74.97678821317143
43.0,42.80797802172653,42.80797802172644
60.0,61.37121802425963,61.37121802425955
44.0,44.64717399361188,44.647173993611794
42.0,42.117683422118205,42.11768342211813
28.0,33.0231339016738,33.02313390167372
75.0,76.17675714506272,76.17675714506265
54.0,53.79530682337985,53.79530682337978
33.0,35.21463489472914,35.214634894729045
67.0,68.12453194506881,68.12453194506874
47.0,43.27638201597986,43.27638201597976
77.0,77.21180475517542,77.21180475517534
67.0,69.19132692403078,69.19132692403069
32.0,27.576679183151686,27.576679183151597
42.0,41.8776191987931,41.87761919879302
70.0,68.74455881054931,68.74455881054922
52.0,49.82645430943442,49.826454309434325
44.0,42.31002814184053,42.31002814184044
45.0,45.16388705828861,45.16388705828852
46.0,47.912866692218216,47.91286669221814
49.0,52.9947349311993,52.99473493119921
44.0,45.67081141782049,45.6708114178204
76.0,73.79826571463646,73.79826571463639
41.0,42.44237455000519,42.44237455000511
50.0,51.38242850324131,51.38242850324123
75.0,75.33535295249902,75.33535295249894
42.0,41.603919341971455,41.60391934197136
58.0,58.2776433143184,58.277643314318325
77.0,77.95579687089766,77.95579687089759
50.0,47.99760780357046,47.997607803570375
31.0,37.231223094179775,37.23122309417969
49.0,50.55357150501322,50.55357150501313
73.0,73.14023176214918,73.1402317621491
61.0,60.982090407119166,60.98209040711908
44.0,46.036962331152736,46.03696233115266
70.0,71.93384782802391,71.93384782802383
58.0,57.06690124594851,57.06690124594842
63.0,62.175286342581074,62.175286342581
78.0,82.08799566054367,82.08799566054358
16.0,14.38475475249648,14.384754752496384
66.0,64.83963907194881,64.83963907194874
26.0,28.778973369413087,28.778973369413002
83.0,82.11808898778727,82.1180889877872
37.0,40.11545439310162,40.11545439310153
46.0,46.20177320104327,46.20177320104318
34.0,36.70309984359897,36.70309984359888
88.0,87.67332224135254,87.67332224135245
33.0,31.27954178543385,31.279541785433757
15.0,18.417259938633226,18.417259938633144
53.0,51.34685712249272,51.34685712249264
45.0,46.886280283479636,46.88628028347956
66.0,62.69802490237372,62.69802490237364
16.0,16.793419553617554,16.79341955361746
65.0,63.34327368258142,63.343273682581334
47.0,45.94262300999486,45.942623009994776
