Actual,Sklearn_Stacking,Manual_Stacking
51.0,54.69271721326524,54.836452519201806
20.0,22.63759829583879,22.35206480241385
46.0,47.89908037646765,48.24808005493839
28.0,31.28601697700817,31.64899813894526
41.0,43.01529923921507,43.02603096924958
59.0,59.06915091568165,59.35533884574819
48.0,45.9251600999092,45.838099774167375
87.0,86.42710440508644,86.32930351102137
37.0,37.720476182075025,37.26857127041252
73.0,72.06911116114217,72.77377564790824
66.0,63.60629908031507,63.27680406824817
30.0,24.94213931683231,24.58203222848408
61.0,60.86980242774841,60.25167492036733
45.0,44.030592521720685,44.292670616690955
52.0,49.0288178877909,48.89304042779857
41.0,44.63286883237697,43.89357943643043
63.0,57.97967880649398,58.379599906697365
78.0,78.94722344465094,79.81594317406697
63.0,65.74206552931516,65.20733407242048
42.0,46.662804611851946,46.3973127978982
59.0,62.42847320599028,61.92641956888684
15.0,15.367627827922082,16.245175315202466
38.0,38.47575232660325,37.56875799871791
76.0,76.8647597893559,76.69129401301349
84.0,84.06410718238835,84.65573912354094
32.0,31.13248993627519,30.255174761718116
30.0,28.64438882882585,28.247280781897423
92.0,88.91135077524582,88.13314184968687
52.0,51.115981670746095,50.587625595328404
57.0,56.30511443360975,56.268579376581094
60.0,60.07001531471464,60.488599700112836
35.0,33.84193595449017,33.921384359423655
42.0,38.60906265490497,38.761870686899144
53.0,49.93874336806282,50.165245534133064
36.0,34.712778330233256,35.1296382783817
64.0,63.61757438531075,64.59132218015532
45.0,49.92494513290929,50.32784939080094
47.0,46.62206364467632,46.79329167454094
76.0,76.2288720419397,76.77604542873466
79.0,78.76202170581283,78.73813587253184
79.0,80.64680505433662,81.55726833757666
74.0,76.11348359665594,75.62636211042204
69.0,68.20162175641765,69.07123997713094
93.0,93.63211449160396,93.02857855765424
72.0,70.26528520389307,71.16986715031024
64.0,63.927495772038135,63.014815209798286
73.0,74.4420576446339,74.77916973031238
68.0,69.60524268415645,68.18708140809136
73.0,75.22745776897817,76.67336245405778
39.0,42.28589770473809,42.34408249739526
72.0,71.31316042923301,71.35398270723073
57.0,57.46242478043024,58.047909394504444
74.0,72.9099252175545,72.22101704394098
88.0,83.3287001266857,83.04475011893706
70.0,73.77244623232099,73.37830278486962
89.0,90.09523580035025,90.30093389002431
74.0,73.94111827710101,74.46688203086842
86.0,87.86817078180134,87.69945875247512
74.0,73.8140502845229,73.78017655622297
62.0,60.34501051656306,61.1334200620836
39.0,37.18840946987638,37.10558806553105
35.0,35.64818228987205,35.43828572427975
17.0,15.948081158833537,16.215627786741585
83.0,81.88147358113677,81.99676466250408
80.0,84.81348574466456,84.33171605105181
36.0,36.09379959763075,37.2631230137804
31.0,29.80301233273418,29.897353495449426
68.0,67.73525786005301,68.29973594650548
38.0,37.501700425669654,37.325630673671284
70.0,72.12786740472012,72.6702438369906
61.0,61.198979480197714,60.89312833197883
93.0,91.47351592432247,91.30761162241757
88.0,88.25321522674292,88.42230089251245
95.0,91.98234116843015,92.15636199111948
68.0,70.7256525097681,71.00910977770415
40.0,39.50581389474395,39.49342577193089
66.0,65.50221703341333,65.63518779468109
42.0,43.75753023073776,43.09289611478965
47.0,45.71846726824922,45.83193452319696
76.0,75.19747380300237,75.98131388429734
64.0,64.6095455449472,65.9073344803101
58.0,61.432893745252876,60.75259025563172
66.0,64.44120858369882,64.25779731744902
52.0,49.97713913268379,50.03530403524833
58.0,59.787083686249396,60.44285003065589
35.0,36.05656023812651,36.91513420496371
26.0,28.28366422752679,26.741183424399168
81.0,81.67188980781238,82.12345951751256
69.0,66.32307853529447,66.56757303593962
27.0,26.9216138270078,27.1446990071234
20.0,20.645639169581663,20.861323600009378
23.0,23.571044179514054,23.324795149239876
33.0,31.191564789452645,31.717743217381127
78.0,75.38468988304987,75.41174407772887
95.0,96.66556103538024,95.57930974865374
80.0,79.70477992156778,79.72404355651425
67.0,63.62293747631934,63.28573409265663
89.0,87.93485377514332,87.18623731131626
82.0,86.66783173770047,85.86401899306883
65.0,60.892824731445266,61.05959139896687
86.0,82.38671004749568,83.24793724825909
28.0,28.491025953133597,29.055163018739297
38.0,36.443727948743174,35.894447620161586
55.0,55.24199084462464,55.078551379957204
18.0,19.679061913867347,20.018990984985813
73.0,72.57067894696286,73.05683629511397
49.0,48.89697311367383,48.605019317088754
80.0,79.5388332073194,79.32369879796656
72.0,74.50565270004729,74.01125967153229
40.0,39.108857823522385,38.77767731771219
51.0,48.809173047038726,48.85333786128392
21.0,22.81430833986101,22.85807167381931
39.0,36.95057030057465,37.13334184548681
22.0,26.607515738519993,25.96556827576012
26.0,26.63011030418632,25.94548928124939
27.0,26.220112365038208,26.342203036677272
49.0,52.08032855926659,51.650703820413646
24.0,25.132357488573774,24.81467393839693
23.0,23.6102964715988,23.01968388863272
52.0,52.07896032620252,52.35682539494567
39.0,37.77179477892631,36.46236359466137
79.0,76.24394743994638,75.31937875891671
85.0,87.68853021830142,88.32994763987263
47.0,49.296453563131955,49.49733080684724
49.0,49.274724870966594,50.15707604646692
59.0,60.57590725004422,61.456675085673396
53.0,53.904364754098836,53.81528743451286
68.0,69.66495639936625,70.2440023308871
73.0,73.8140502845229,73.78017655622297
58.0,56.929846143445594,56.73958426243776
67.0,63.862846250703356,64.27571141429951
52.0,52.77054178676177,53.24885153630649
66.0,67.25785375197933,66.83742488965974
67.0,66.43131763999186,66.04605680669982
20.0,21.843619905020162,22.212027138081957
88.0,90.6566440153572,89.30175789387874
57.0,56.60898190938161,56.58637380862241
36.0,37.109190152126246,37.6393532710137
39.0,39.80328172781971,39.87368204897226
17.0,15.896217192240488,17.233605670073118
43.0,43.38562129063933,43.264964568529
12.0,13.02070003664698,14.451492479659935
43.0,39.77340726790384,40.42739572268067
47.0,49.2642477265512,49.60074782829201
63.0,59.14035373486944,59.40011095757809
40.0,43.10763676185017,42.54918608133106
37.0,39.42909757784623,39.23613789184459
67.0,65.69868749415566,65.14336883017826
20.0,17.916293609201098,18.450914714403744
29.0,29.652096413213183,29.778470218771268
40.0,42.938371541514115,42.42618773689121
46.0,44.01164583309727,43.51964015047677
79.0,76.1188729982818,76.55151448804088
45.0,44.55123725712425,44.956213276924395
70.0,67.65833234960326,69.01379719094848
20.0,19.833460164211907,20.119648832554752
35.0,32.70843848365535,32.20961775631051
36.0,35.86336015895633,36.241347055164255
50.0,49.34458616775211,49.4097265951889
19.0,18.393476035608128,18.03143088232557
74.0,74.95782262820393,74.37165478922948
30.0,33.0905852347428,32.67519731093143
67.0,68.44415706740106,67.93513877681656
34.0,28.962305074936246,29.203892662360474
42.0,42.08514184345212,41.49171017247923
76.0,80.26128116334337,80.8057952804142
71.0,73.06663711864029,73.58265730742923
17.0,16.90591693340446,17.022471635778373
53.0,53.0818757048052,52.49599242980505
57.0,56.192094751203754,56.584945590701
49.0,48.696082377168466,47.85731117871954
66.0,67.27384460940925,67.74619299410467
52.0,50.381705000369934,50.93908676646184
60.0,59.38725982242263,58.850911215280505
85.0,82.31371933378605,81.92480617683731
39.0,35.87859366139138,36.564997815488425
43.0,42.82779084653698,42.65459277730774
76.0,77.49309914718843,77.80594562998374
57.0,56.86978719526464,56.12484945631624
52.0,54.51660594822749,54.76086854321682
38.0,41.37953092779254,40.82291507315048
43.0,41.72087520501743,41.40009536725281
57.0,58.025111866998856,57.69350230939495
29.0,34.91740411943293,33.72610903310624
58.0,56.37898890709554,56.21165113958843
54.0,48.48262809792088,48.039958604381965
75.0,76.92751301078675,76.59811586407507
48.0,46.82024527521438,46.802031748353556
36.0,38.07638682117046,36.97472657317978
64.0,64.63795081577783,64.5245027565861
64.0,65.49697701559535,65.9120050055297
78.0,81.41105239125453,82.61719652380248
73.0,71.70037366629967,71.17865039415058
93.0,91.98234116843015,92.15636199111948
39.0,41.669179257904936,41.22946406942412
72.0,72.45076979306425,72.52603456022926
33.0,32.57679568504979,32.74020850497409
21.0,21.548809246535196,21.67284686789909
48.0,45.39339862276274,44.081011741772066
81.0,81.47737103953284,79.74015657080946
35.0,35.797436340009504,35.820618335761125
68.0,64.53989880388352,63.64123337297457
75.0,74.69201236960983,74.22719282204787
46.0,43.15752832037755,42.5309053271762
88.0,92.31208796664167,91.9248188328929
38.0,39.61224226701913,39.54425840826393
28.0,31.863005129390192,31.427771662066405
72.0,74.00440321027449,74.29370725210475
37.0,35.39508121705375,35.968851704142274
89.0,90.21560157804765,90.0784261215861
57.0,58.29119192773206,58.60883891306758
26.0,27.353767361180832,26.973787389978526
22.0,22.60641393797716,23.254589857410288
30.0,31.67159931553425,31.69357737871872
20.0,21.68898781979202,21.644112147983662
70.0,70.89515499936557,70.31836205874761
11.0,13.662026943576718,14.624513900615904
19.0,19.821123629499517,21.200970711898588
20.0,19.413281705061625,19.706422184779314
43.0,45.87608857951945,46.64029195012795
47.0,47.1462883700706,45.793877874959215
46.0,46.50134756400788,46.42385662485319
78.0,78.59472228946689,78.69785851705322
26.0,25.676768481834365,25.525578491298102
25.0,22.63760376073743,22.027674167998512
47.0,47.80846124517296,47.270694235778834
28.0,24.705831409030434,25.23461474390562
41.0,41.72230803800737,42.497745453220645
59.0,58.43610107279038,58.338055430645426
72.0,71.23636004335674,71.31576735418395
82.0,81.47303476270466,80.80564168205643
63.0,61.912547754812856,61.970447582405306
35.0,35.66031748040048,35.62525327821482
82.0,82.52333545653975,82.8454467004006
82.0,80.93735759575613,81.0407380711849
65.0,66.46007638802308,66.55637662743949
63.0,65.22218591209528,65.64078455718459
17.0,18.566540532365863,18.633839454263246
62.0,62.94834922593687,64.06433353111734
39.0,36.49415552716798,36.62609155700069
40.0,37.873324967873664,37.32825599665709
61.0,62.20877717391406,62.11907279137375
45.0,48.05748087937916,47.64526173231006
74.0,73.09017412432716,73.19279667821392
70.0,70.79372220144013,70.90502450523837
72.0,70.84902411224341,71.1810271909772
57.0,57.572235631131484,58.70067821901713
46.0,45.259807941283924,45.03125699383979
43.0,40.39258568808234,40.74522828745209
75.0,76.9490712953777,76.41241914470783
38.0,40.050960744787844,40.28777053463128
60.0,59.95082630328689,59.94625547563349
67.0,68.98361654038688,69.90492746919418
74.0,76.93012018876709,76.88971511416864
78.0,75.6707382445692,75.67724263020614
81.0,80.12156340638742,80.10463505805991
67.0,65.81114288847498,65.63122016448176
66.0,64.27739341447628,64.35362640193478
57.0,55.72406797604146,55.60395327730398
62.0,60.30085075665488,59.85375698816278
38.0,36.26801182266437,36.14019577005604
55.0,54.97338751996256,55.48814809444754
48.0,47.22292304165176,46.52311854497617
32.0,33.81711546203456,34.8162771091175
11.0,14.056771665210212,15.169519010044498
76.0,71.20501915441949,71.23884773478102
41.0,42.20348367447007,42.22824749555401
19.0,23.39798997314554,24.130867122856955
53.0,48.64631303941747,48.0974661389412
79.0,77.29834580207704,76.6528437825774
19.0,20.58677660903871,21.63110570631191
62.0,62.464497580967226,62.50176379140649
71.0,75.58508271673506,74.92397477600055
44.0,40.990044546155154,40.0702666094325
73.0,69.51634976254411,70.56201242368249
59.0,58.9719826117163,59.52707413855473
58.0,57.428679841628636,57.310059663075435
41.0,41.40029754639275,42.10185059576292
87.0,83.97645772494431,84.33198080529615
46.0,42.7883793172644,42.74449430727384
34.0,33.23959189921909,33.17329587854621
58.0,56.19453404348649,55.46818017584246
49.0,53.050497201896356,52.46273344201027
26.0,27.262622118735912,27.013012022119955
37.0,39.42133271098443,39.28243751727959
71.0,69.72874296996316,69.9178380630006
50.0,48.285853568298876,48.350315397098306
62.0,60.02498327440255,60.35858154498749
52.0,55.01551276228699,55.44488024628428
51.0,48.805799327278045,48.478912683735814
65.0,65.96879273834385,65.63734298149004
69.0,70.45961391819776,70.73174968938238
69.0,68.33111921887784,67.59096769115857
31.0,34.83920786125419,34.42820232831303
40.0,37.806009405280705,38.39820822229094
36.0,36.79654235952496,36.92675331780947
74.0,73.66694736848515,73.53185265919056
78.0,77.22672742214759,78.08686367188265
68.0,68.89688343626857,69.10037908782022
69.0,68.44689312982207,68.60002161337758
37.0,35.998652508139905,36.76043316930753
76.0,74.25575023914021,74.49315370068824
21.0,18.93412451715559,18.19503594654174
48.0,50.89070568310627,51.33195406699705
50.0,49.77214814459568,50.37541009850161
47.0,47.4789051027454,47.29644216206268
24.0,24.711704730403945,25.12321855108274
30.0,30.640375488981693,30.67514566295783
63.0,62.07350055297324,63.23877237226391
78.0,78.07191653094357,77.16487650925683
56.0,54.988082744641844,54.94144214714565
36.0,36.168140763119695,36.748124737625496
20.0,19.427838232698875,18.76737209314232
41.0,41.578561142566834,41.226316296969394
43.0,47.65163339850211,48.39170021265176
35.0,35.84216302169711,35.52234967455431
55.0,57.00618017396152,57.24755176600563
86.0,83.08318295079893,83.40180691679694
46.0,44.403399597817696,43.78966827529493
59.0,55.29526283546823,54.587004376214104
86.0,87.19241021489688,87.32675056988566
12.0,14.970348240497508,15.262023824927606
59.0,58.49045458607752,58.73585294560805
27.0,28.44392648469068,27.56112388532932
52.0,49.13493278186523,49.130372994653996
25.0,26.933714513220387,26.419118894114927
61.0,59.95516280142721,59.88040727242291
45.0,47.40999563924084,47.26814758435567
73.0,72.88421885544402,72.99689760077078
52.0,50.53174845642966,51.09332301103464
49.0,49.896682245433205,49.91868147866571
82.0,83.49056206209447,84.36747106709298
87.0,84.07846561125695,84.19978008702292
97.0,93.31687205446619,92.95651144376127
34.0,36.654737625390226,36.72405085507128
56.0,54.643517827085105,54.807455379838856
58.0,55.92778962725241,55.814945948783894
56.0,55.66536174866465,57.365998569127555
63.0,63.05812577405414,62.66958767936693
80.0,80.20704612275807,80.19500101760632
74.0,74.11105791232606,74.73301374879945
44.0,43.62663640871758,44.07728640410693
63.0,64.65428830799256,64.45504396055196
63.0,60.29253482442019,61.40157885978881
49.0,49.17933103510896,47.96291570188299
68.0,65.65897881310907,65.65492018232845
58.0,58.012064224049375,57.69320862075099
80.0,75.93028331744411,76.31525755214962
59.0,57.73585091735463,57.302127392042934
43.0,44.1263258483539,43.98009136984396
75.0,74.2353645868825,74.51868712671924
22.0,22.44071536556327,23.0525237668173
37.0,37.80451398844934,36.97097610346291
63.0,64.43816510232914,63.03811940771594
73.0,75.07305935558153,73.67285119165999
43.0,45.15481455049216,45.116756693014416
46.0,46.14418962303895,45.68738865224995
54.0,54.6096818113717,53.81682886639371
51.0,51.35700407860915,50.95083497108103
78.0,79.92940725531332,80.63841310892961
62.0,57.80340715770818,58.23721250525343
45.0,45.435624211676014,46.5464385728349
68.0,68.28124407121251,68.34835930727338
64.0,63.91662760472072,64.57497658422147
37.0,37.91410134224892,38.10698661039262
53.0,53.30566936730878,52.85468478453927
70.0,68.58852600826783,68.28648701320715
24.0,29.498981691555624,29.778384679377265
55.0,59.42934040418295,59.27755349311771
66.0,70.53303066846902,70.7656210080475
72.0,69.7295301779869,69.36565828218508
37.0,35.610645059758106,35.306030026016835
83.0,83.57350109984635,83.52779257662039
43.0,45.42239893701766,44.66264041689757
74.0,76.54592573195198,76.30572275050808
64.0,61.536783258042206,61.64737183151218
41.0,42.248228912741126,41.66772854390943
88.0,84.09805631973427,84.36802280960706
23.0,24.605935117647366,24.63540492856927
31.0,31.45065947533389,31.454095096473324
55.0,53.25293069293653,52.81822199557777
53.0,54.07071229016822,53.37461386899129
39.0,39.68486354920931,40.066403919197164
37.0,39.141103663344346,38.81106497014212
57.0,55.73903114660016,55.28256116514556
80.0,79.10556354659276,78.18297231323758
73.0,72.73778946432873,72.3489264276344
66.0,64.10282777135235,63.98112600378914
83.0,81.30961349109029,81.19122905071445
55.0,55.59249875473708,55.32443549830024
53.0,51.867319776105646,52.15049636225084
72.0,71.65560695626098,71.78459972232369
57.0,59.51389169152522,59.32018506210236
58.0,58.68031077634911,57.87615395548583
79.0,77.15504022558468,78.4157342645284
80.0,77.15618335297144,77.27788466285101
37.0,37.789889945132096,37.42665141320904
24.0,22.22753150192397,22.426541702656557
40.0,41.15089634929458,41.21247668110182
68.0,65.52465133417343,65.17679444892964
71.0,70.84902411224341,71.1810271909772
58.0,59.67308132978026,60.226689168356614
70.0,71.14051802111267,71.22318586025554
28.0,27.319403664858946,26.54674448031262
18.0,19.08441173100564,18.63358961489489
65.0,65.67393748458325,66.83009961230918
49.0,47.86329445432541,47.890715447001135
79.0,76.67471265500377,76.1715082545235
72.0,69.98069762201168,70.10116006053352
38.0,38.455333009540404,39.92743200396314
89.0,89.64668833993251,88.8161924664035
61.0,58.33291715173711,58.54372730309992
80.0,82.6332552565576,83.19935867328475
54.0,56.25982342204078,56.14276782596747
39.0,35.43073089411345,34.594922196067756
41.0,42.734893166627685,43.10938112249251
54.0,50.01869264068566,49.89187504658102
41.0,42.75361286233031,43.11613402279134
30.0,31.527345645147225,30.33688101981789
74.0,74.59727749842696,74.33346625723424
74.0,71.85355895438889,72.25884403215066
36.0,36.32757443019489,34.913304167531386
40.0,39.496853540217515,39.59661103140869
32.0,32.340222349252564,32.25964232092864
45.0,46.98232332310516,46.964371895806565
59.0,57.70832189245165,56.870079072345405
48.0,49.09489833868894,48.873522626629246
33.0,30.211569703467745,29.16790731754662
54.0,53.789750910340295,54.114908944051365
75.0,73.6613676221347,72.83058313329659
65.0,66.64350071802674,66.69375485347958
60.0,60.156072414335355,59.85733412261601
30.0,29.495533393668712,29.088376931755203
65.0,63.61757438531075,64.59132218015532
45.0,41.5299991491096,40.70962516261183
52.0,49.397362156029516,49.84638143769451
55.0,55.322590173934685,56.00273164705207
38.0,36.01294234721238,35.331091866265346
56.0,55.65755997104314,55.385325713738425
34.0,34.69857948573972,34.19576905097115
56.0,56.73497612096254,56.15358428390695
66.0,67.71931350637426,68.1842670867447
89.0,86.55537607795556,85.93542913052637
88.0,86.28868902395499,86.67994971784138
83.0,81.58120785433489,81.70608794728625
45.0,46.991770787612964,46.7466203775171
35.0,33.96913145146294,33.26402229420328
52.0,51.5358094999679,51.52279673979583
42.0,38.222005103384724,38.14669838791253
13.0,14.276314753384614,15.170573737928056
58.0,55.80834655684721,55.93076802542072
23.0,26.66301336557936,25.87985992325136
64.0,62.52863810002349,62.20418410489734
45.0,42.4432512948585,41.88940205705256
15.0,15.56950767716428,16.638994545453762
61.0,57.57415811966633,57.85836438602864
40.0,40.898449740127866,41.01574540291813
19.0,22.87851211268962,22.182218767009196
92.0,90.65865530438396,90.21148346513712
61.0,61.980378787255184,62.04199123400935
40.0,40.681379070084176,40.52328032759689
76.0,74.54229414839804,75.09484174325776
81.0,81.245469365439,81.74049816678226
90.0,89.24651032927005,89.01381214168576
86.0,85.31085958419285,84.78488493623465
37.0,37.402180937416716,37.475368074411165
93.0,93.26930441204932,92.52650335368392
39.0,40.07005527000687,40.27888938930723
34.0,32.69019050126332,33.98871635810353
85.0,87.18477067573062,87.58254558164964
76.0,75.49517938213272,74.92718166890423
18.0,15.687977577615461,16.66689861477385
81.0,81.0239824791286,80.95960267796151
26.0,26.998300137322826,26.672171990100665
61.0,63.29949943010823,62.79974999159051
62.0,62.411101772012806,62.86933383997351
39.0,40.544362857888345,40.488657299548485
70.0,71.31662736357978,71.12855440473815
70.0,66.2093746142155,66.22155225002898
75.0,74.4816996373829,75.37084701717788
38.0,37.61757750300832,36.73999105632496
36.0,36.63049750624041,36.687527479594095
28.0,25.20969831029928,24.234066106846335
66.0,66.2491037212357,66.83854673117902
54.0,55.80130697128999,56.28695612929598
25.0,27.510685964475265,27.152846755276112
59.0,60.823974426240454,61.24455350129264
42.0,44.484965406506795,43.763235576238046
37.0,39.76246248019484,39.458321101551974
72.0,70.61200470968765,70.37587329912009
55.0,55.25802099044287,55.478741599460335
47.0,45.09760549420829,44.25916256274656
21.0,24.629267163241472,23.999509895124177
35.0,38.76353705766892,39.0399480563178
33.0,34.44922137597133,34.769136828484804
35.0,34.935325106354476,34.51760630485059
66.0,68.44420538353934,68.69154054386084
51.0,47.495714529306895,48.00855019943559
55.0,52.92711813233288,53.388237944143924
45.0,44.56690827677142,44.36919806932436
51.0,50.113773143564835,49.563213775091924
50.0,50.73378204176664,50.344457359604206
29.0,27.650037974135483,27.38376347300289
27.0,26.73975120472918,26.9362289411844
67.0,63.90577507792809,63.0364070536764
79.0,81.19119022543678,80.96705605456546
46.0,47.306621893133766,47.717004177833395
12.0,14.51763826411906,14.97268564449147
84.0,86.66783173770047,85.86401899306883
49.0,48.745785948121885,49.18210897648153
46.0,50.80313498524734,51.14672472610873
70.0,71.57829195985538,71.76404001270419
37.0,38.160372018262485,38.002511137742324
64.0,64.89208713865447,63.90214688832131
70.0,72.84578266202193,73.3138416326388
37.0,38.19087458527275,38.22282578797371
42.0,41.636321814654195,41.49405835367666
54.0,50.70612351332537,51.36155752957788
37.0,41.79497808226035,41.71477289361886
28.0,29.269655113623646,28.62685570459422
72.0,72.25583911555192,72.30499744315132
44.0,43.52110585164055,44.17593376952468
67.0,64.37686858579993,64.1715727558
60.0,59.74590314448515,59.815225384969644
61.0,63.65124011806037,64.71477316710896
73.0,71.89847266782229,70.58605812954774
40.0,42.01249120236356,41.45929867340317
76.0,78.48567447819586,76.89473290349802
45.0,43.939972917351064,44.15476240686654
45.0,44.03803899718023,43.83590874366012
72.0,72.43004322441425,73.61672950948777
64.0,63.69310342944276,63.95509934231322
42.0,44.34857600462121,43.59249117982834
74.0,77.53038893457983,77.07984470471385
20.0,20.21909443314276,20.41016494615596
72.0,68.56846750960443,69.02390835108118
35.0,33.766462541960095,34.02513079252722
52.0,48.34826875872088,48.08122182385285
70.0,71.49128519229743,71.71006782068483
29.0,29.849634864862615,31.088295207288656
48.0,49.717365971119285,50.21192867943928
55.0,55.318936125939935,55.470393933041315
52.0,52.49729167364523,52.55425801061135
34.0,33.714998581316756,33.58591113653131
89.0,87.72758173205497,88.15982141100184
45.0,44.163579469098956,44.642950655983384
89.0,85.47445825072934,84.87628041119305
41.0,40.48458823568259,40.987735511385495
43.0,39.31246612668739,39.756650056577676
31.0,29.156956797905522,29.286542634124764
62.0,64.07017319651837,63.62858809628015
48.0,48.42289872566311,48.435706757781006
76.0,74.92523757716945,74.29189139238807
70.0,73.13455024223326,73.30053674967982
56.0,56.18983553270522,56.02651741424033
53.0,51.60642206254963,52.01323219736269
35.0,34.81316876726813,34.431289472929784
55.0,50.74385909073864,51.72222438860132
82.0,82.57052465975248,82.79134178528129
44.0,46.517631792222716,46.913257894002896
61.0,57.19473231749991,57.51194872742171
69.0,68.44286356911583,68.09553917488168
75.0,74.53499268529629,75.05700006891296
69.0,71.75193995363013,72.02278560783617
76.0,76.70362391999325,76.99983685816653
36.0,33.887146337527895,34.270575370170654
44.0,44.575454779198154,44.57213416377674
79.0,78.31992532096817,78.71419363025896
18.0,18.380925666017873,19.080499732970917
40.0,40.88716898443311,40.53994633213953
64.0,64.89646635914877,65.2563614474638
57.0,58.47675238847168,57.83607821375132
73.0,76.2328507091882,75.82836758877218
86.0,85.1977124467553,85.32634966846123
33.0,37.08830783436933,37.31670460879063
40.0,40.850169915591174,39.31310131670391
86.0,81.39470791798054,81.62876844733114
40.0,38.47587624736254,37.953620954600666
32.0,34.428067389371925,33.73726007971781
68.0,65.86842198135362,65.80064919445411
50.0,54.1117030954258,53.722575524423405
50.0,48.48346044542506,48.324189956987865
51.0,50.52697964562191,50.82286019115516
32.0,35.18727581995394,35.60066607076321
64.0,62.163522788806276,62.13987714675824
52.0,49.710347695713864,50.25090141729672
64.0,63.162453526020755,63.160563770473345
24.0,25.71425693468143,25.760898164949758
75.0,76.41547523530997,75.80416603163701
93.0,89.81179410231705,89.83868346704703
76.0,77.63220055981608,77.24605207514497
66.0,65.91093922164718,64.92983794853447
87.0,84.73780969454913,84.64746070097254
56.0,56.44519436855474,55.80922042359109
23.0,25.24422498254627,24.54856554343803
69.0,68.87230290908488,68.46223274457027
75.0,74.35443784782368,74.30181443801385
91.0,91.8865891823371,91.46196429230494
49.0,50.610441281578886,51.42151455204187
70.0,69.52434334485974,69.8885870748862
50.0,53.191013280179014,53.58384952218328
36.0,35.835069524303606,36.10845004880475
40.0,41.05221345987872,41.30510790681006
25.0,27.983006377823525,27.79641281964318
71.0,71.77377409854378,71.4812123498281
64.0,63.0346980510344,62.4162801605095
30.0,28.513365048216283,29.058106442768107
37.0,36.95664399246054,36.34837715511458
74.0,72.95738119389364,72.4439779412182
86.0,84.03179630826304,84.40164509076085
86.0,85.01289722462718,85.48328924204557
59.0,59.29991453386958,58.75688382190792
86.0,85.83111156527956,86.05689298302143
32.0,32.55216441748393,33.97926695533563
95.0,92.68403068075557,93.45657838587604
46.0,45.850229096420904,45.53668739039789
95.0,94.17166864653431,93.8288770957548
42.0,41.91113719197309,41.606265766692715
57.0,59.84458281610241,60.30384743270218
50.0,48.805799327278045,48.478912683735814
78.0,79.85499718953555,79.94669008662964
84.0,78.54965366329351,79.42875206464777
54.0,53.495200351515294,53.63852135631486
34.0,34.2597661890932,34.474253948054205
77.0,77.57946705898993,78.5232630100771
79.0,81.47599972937377,80.4215776308476
49.0,48.47903245460443,47.939443210373994
86.0,84.49662747463238,84.84641404987207
42.0,44.00275688945409,43.75720156686688
49.0,48.01913254576679,48.32774761605419
36.0,36.17315727769808,36.011091398943876
42.0,41.70355372193018,41.85891517824252
44.0,41.86460271474972,40.82782153169173
56.0,57.00615384131646,56.346222536373304
67.0,68.72087277635939,69.26970699789298
72.0,72.59201725194893,72.80428838230779
34.0,33.23564577554153,33.411987874046375
56.0,55.89582331250563,56.06506603314202
32.0,32.85679709503998,33.49257877400764
74.0,72.37416682876248,71.51220080447969
52.0,52.912594958391594,52.985072483294644
89.0,90.78607434105966,89.91673176597831
72.0,72.39797072569296,72.24373536755229
76.0,73.19815881480304,73.43254373495697
61.0,58.610799881563864,58.313843124621044
54.0,54.64620932619881,54.843737776518466
87.0,87.05511437542079,85.63078109037714
50.0,50.82032539699493,50.83333925106855
49.0,51.67573345106236,51.91494210542584
58.0,57.505533131541604,57.625783857153706
36.0,36.22935251690594,36.69572696548556
31.0,33.468900602989194,34.17297854544293
58.0,56.125472652582715,56.34691327879497
36.0,31.814025451724213,31.655673260415494
53.0,50.34046347471639,50.50383496294919
53.0,51.89959350291251,52.694961348485336
46.0,46.17722873078151,45.647491528408004
50.0,47.87806376232226,48.28267795464233
80.0,81.0994782559517,81.59540518406433
68.0,66.43920861550218,66.1368503665895
76.0,74.27887722041146,72.93366739535176
48.0,48.05295165416803,47.444520130826
50.0,49.91268269660392,50.85673145838885
52.0,49.73653607425501,50.04129676043247
44.0,45.96022880510009,45.560293178577744
37.0,37.008709966442346,36.59205299272966
48.0,46.17681364695864,45.126594456752855
36.0,34.2597575757544,34.20491364948951
55.0,52.301334648873485,51.562310378014445
69.0,70.06567031764678,68.61486946236906
25.0,24.0871749225475,26.02420178296898
57.0,55.09740861430792,56.387640842531006
93.0,88.6445406839661,87.81136331592192
86.0,87.35252024539393,88.13973761850482
82.0,81.54796729665304,80.68076325812723
52.0,54.97734083963042,54.83691802207156
67.0,67.57949406704836,67.74327258627414
50.0,49.20854227113317,48.76665418503404
49.0,50.47297064892862,50.881314297144314
61.0,59.325038723424385,59.343079673473476
46.0,48.872038717289634,48.280664686269986
61.0,62.78223333881896,63.79732737595867
52.0,49.693010658691726,49.651680537008694
21.0,19.507875190451315,20.835008552911013
44.0,45.682630092606615,45.8935274860898
26.0,25.190843434566954,25.75080342337193
26.0,23.982321995346613,24.025719689782324
59.0,57.189611863264446,57.25136182768357
47.0,47.90867112245961,47.75817359303696
84.0,84.74539924228901,85.24232176372942
38.0,39.33489335055598,38.917717638845055
73.0,73.35314984239325,73.22353369501236
90.0,88.95239726478663,88.54520654701749
72.0,73.58112527280578,73.45904053819301
44.0,44.753034132873324,44.60681861938907
63.0,58.98047384562413,58.37007819864246
87.0,85.58651957016245,85.29869072075556
57.0,58.51362105800653,58.58186974880925
41.0,41.84521987227173,41.83301034760076
71.0,71.71397116074826,72.0299081790806
44.0,46.694735122237205,46.83727193298053
58.0,56.09553820899677,56.34182296663941
92.0,91.3438703035809,90.65825280311235
47.0,48.780906526982164,48.804622047970554
45.0,41.46186460383571,41.22040127269173
77.0,74.3949353639362,74.75945227802383
50.0,52.60548405321679,52.17777589480772
44.0,41.2936953896431,41.13732122986645
60.0,62.453448102416885,62.6171327777771
56.0,58.324618477622344,58.890178231261814
47.0,46.28669309257778,46.103735486586906
84.0,81.73639033678366,82.5737446642644
90.0,88.73955455794278,88.45672735656969
42.0,41.9407806299988,41.34844401459656
74.0,74.50052789104775,74.32687070869477
56.0,57.46003366493135,57.68028036627706
57.0,56.87012315776903,56.71582313704177
46.0,46.53108126673367,46.19658856505435
77.0,76.7308398466436,77.31531260880844
47.0,44.66384960149789,44.87515443466524
36.0,38.57274843964933,38.3665300503638
59.0,58.18884170824244,59.06903047788592
67.0,68.44448797078387,68.6428029032901
24.0,23.62812979428294,23.67373823930032
52.0,52.77174913340899,52.15495717903226
90.0,92.95348511680533,92.29745074713526
48.0,46.67831913094078,47.1897526032169
93.0,94.31964607689737,92.57999776672324
57.0,53.7469522760248,54.10730068189573
51.0,54.75846289916398,54.55760407838073
63.0,60.18968134446597,60.08056288485608
37.0,41.995192969594996,41.60405575058344
67.0,64.51352088151448,65.41500391941383
88.0,86.55537607795556,85.93542913052637
81.0,84.02289973592053,85.07050819590917
35.0,33.53654295748038,33.478063382703546
15.0,15.574911427335401,16.00893902387448
79.0,83.71857008795202,83.97773297893168
20.0,17.289822688604016,18.29750791661238
39.0,40.56711970808543,40.3977059667463
26.0,26.58413782893222,26.177406969270614
92.0,92.41088917952317,92.89545363746507
54.0,54.74331663967782,55.69191002539811
49.0,49.258309339358576,49.677393939327075
33.0,31.92864387220249,31.572578267435173
37.0,36.44046332539103,36.63916535874784
26.0,26.51007938597991,26.913705335865817
71.0,69.03232316394737,68.46376210579822
44.0,44.26760892744379,44.34487700240804
31.0,32.03180202922276,32.651683740523524
35.0,37.578933103335146,39.61608606374544
31.0,30.215970371576304,29.93734683889393
48.0,46.23933517872277,46.347647382140664
43.0,44.155240320535384,44.24810487720515
45.0,46.395150204237794,45.57986147100355
29.0,28.365891769638395,27.765821427406514
37.0,40.586376510398715,39.90056945035484
48.0,46.9495455720855,46.829193039799655
18.0,19.621175666907735,19.22465522765436
74.0,72.84779208775113,71.9625193406738
85.0,84.79504227488319,84.08102699723345
36.0,36.02949342636794,35.58235282460092
36.0,38.57902207941203,37.99412697453792
86.0,86.38532919299257,86.12950796608781
64.0,65.03452221153508,65.60193985525066
24.0,22.022111515598343,21.747306682423165
44.0,44.24266148811537,44.301760742805214
39.0,38.356777270814256,38.423957473684105
56.0,56.717712782820904,56.297377672450835
76.0,76.9103614923284,78.11474597472574
46.0,48.259236114476984,47.82020679486468
22.0,22.298592294935386,21.251649025933983
55.0,54.993104770455865,54.54887681888683
37.0,33.33032291738178,32.26702599204248
46.0,50.74426212684132,51.078230443346456
35.0,33.036156573117594,33.14676165740181
63.0,60.675622372988336,60.391621072769134
36.0,35.89049598262177,35.669442970119974
55.0,53.1554130600217,52.778115172576996
70.0,72.83115933712135,72.06114359387507
83.0,84.38424175850368,83.78914150556875
64.0,62.75191723536706,62.860024816553796
42.0,43.953513433894955,43.994005079582585
69.0,67.74532938169733,68.59384341382305
68.0,66.29268015450951,66.13118520594668
18.0,17.474774902737686,18.23450978482483
56.0,54.05809529430299,54.13403831016551
69.0,70.35818559129193,69.80425190402497
34.0,33.7354590091444,33.85617214631942
44.0,47.22816791940068,46.13311346233523
30.0,28.910021250899067,28.378627346514126
36.0,37.18455961256212,36.66027296786773
55.0,56.156120945594935,55.814488190298036
90.0,87.88220690536012,88.50961389468955
34.0,34.770062690995694,35.18496881118396
28.0,27.408280237741476,27.267034960308063
31.0,34.5604811866248,34.400769984238366
34.0,32.81121092362283,33.147325989996034
59.0,57.17784532048912,56.97348253878499
82.0,81.6402712747806,81.41928264382818
61.0,63.68630099220043,63.72903762601088
46.0,42.59647795728438,42.333606053986564
62.0,62.4721544157951,62.31960056525084
76.0,75.55038772854405,75.61699422124562
20.0,18.656195831957177,17.527404787232005
50.0,53.08543058802392,52.68146931503855
35.0,35.08417252450228,35.78634924197258
55.0,58.078252141559545,57.948140637268395
66.0,64.78794016409229,63.96304121918121
57.0,58.85994280673745,59.420376896421985
67.0,65.92841605146683,66.06122980114175
47.0,46.80284299399922,45.82361567427248
71.0,72.5861595066586,71.73980726528454
25.0,24.469483164845354,25.40642984020799
59.0,57.4620644493167,57.58798679317475
78.0,78.26635282625847,78.8079275043224
76.0,75.47679209249753,75.73296782730884
64.0,62.121389822897385,61.83613569426031
38.0,36.443727948743174,35.894447620161586
53.0,54.34336997458829,53.3765901143425
83.0,81.770583546746,82.44756500715168
36.0,34.234339217423354,34.50311149304684
75.0,70.71071325980306,70.99620282274668
67.0,65.5366619346894,65.51885417445192
34.0,32.28837078383856,32.70551055168821
30.0,31.734937530053394,32.19621942368785
92.0,89.41686490064156,89.73842092515021
54.0,55.096491723187796,54.929227619277945
97.0,92.3860133684977,92.15543493024373
55.0,56.09623665538541,55.238258477862274
72.0,75.93177583006297,76.98611710546398
74.0,70.65966549979757,70.28718164285603
78.0,78.61169837478245,78.36782785560057
24.0,20.755275514000676,20.81805321597915
45.0,42.18672034775755,42.226632785537404
38.0,37.558046388948235,37.781630457232055
53.0,58.04148965386646,58.12150718657634
79.0,79.08398261451934,77.68276795166355
65.0,68.9781041533277,69.12200045025045
72.0,73.60720344775545,73.51011393632163
56.0,57.074645506536285,57.393503127523374
42.0,42.16939342701909,42.5393413064842
44.0,42.70056117527753,41.99663833029781
63.0,61.446206439441625,61.733018038943335
64.0,64.59776719812068,66.20146773038088
28.0,26.949246566023813,27.80243384143899
36.0,37.07579756082568,37.4471389481275
65.0,63.152831670645995,63.46906692202323
51.0,54.044415440667336,53.72444127017736
51.0,52.47262317191839,52.635569710000624
60.0,56.492919545950876,55.870048436771036
74.0,74.91691459314167,75.13001649230883
46.0,47.04345759779139,46.597062178359565
67.0,68.14983371640697,67.73326618579799
72.0,72.3749696335193,71.32101277272415
55.0,57.593639998535025,57.54346468257263
54.0,53.30727865010774,54.59994085672189
45.0,41.90542216614966,42.37906794790899
31.0,32.86387697079161,33.19436323129492
52.0,54.46822069483043,54.88176476991928
56.0,52.60548405321679,52.17777589480772
46.0,45.4338444365159,45.08090345479854
50.0,46.62206364467632,46.79329167454094
52.0,51.22449769560817,50.86858142985163
70.0,70.49572446051437,71.05942387764392
53.0,56.25415790162934,54.98879541434159
53.0,52.58318347503667,53.58319096026358
31.0,32.35502677945769,30.96860216237834
28.0,27.8814815593527,27.55582576372257
75.0,76.9606390586084,76.9176613145594
53.0,54.79835199877866,54.579849520290765
33.0,30.543170056279852,31.626676632916066
73.0,74.5846877150383,73.49952277778326
63.0,60.76944703264691,61.01159623640967
59.0,57.21608285758525,56.53110627843692
37.0,35.80001426037822,35.66143343894107
59.0,62.28737200893531,62.30837285320597
70.0,73.17767092455514,73.48285344999289
46.0,48.621807550791324,49.541400346736914
62.0,60.36274504093272,59.62634516221412
42.0,39.583560945749994,39.50990414728614
50.0,48.99244823804161,48.65104571392163
58.0,56.916741350522045,57.33134799106421
86.0,86.27631574112715,86.55964677256799
41.0,40.01740521860969,40.87163383655513
84.0,80.61526549210367,80.16838963138582
70.0,69.67168934355107,69.47310873523617
77.0,78.01921486987635,78.444041396754
52.0,55.32508284269418,55.766005893595576
77.0,76.2856351249388,76.72518624640487
34.0,32.78264251353756,32.334621750016886
35.0,32.806021101202184,33.19598654162097
40.0,38.3299713005437,38.28244038436034
33.0,35.38482362135284,35.02618505437715
43.0,45.383802022768045,45.217665734183186
29.0,33.05775609623831,32.75940277648677
43.0,44.706723083254786,44.82291443544774
61.0,61.14799624339643,61.77552357828674
60.0,59.89277418866916,60.15223194111249
83.0,81.89976328397516,81.87638173639465
75.0,75.8804673960474,75.21059319064608
20.0,22.779002506448446,23.30743445320836
27.0,27.331631412324683,27.465560879889107
82.0,81.8676151100277,82.38907117490763
41.0,40.63844874077613,40.590239237778235
63.0,62.76631852384656,62.342251381734975
70.0,65.40573423252945,64.9682007230723
65.0,62.993529432754315,63.74764329745375
90.0,89.06038672222977,88.23091265002981
75.0,72.1335728563744,72.6799515983853
56.0,56.65608937325791,56.75602703353728
62.0,63.05856155817772,62.62654432633235
81.0,81.9459029898382,82.79052784627066
93.0,97.5982494263451,97.15346211041248
23.0,27.132248150300114,28.225317835811964
65.0,63.7913049082015,64.0148906518483
43.0,44.95568933414264,44.71639416876005
70.0,65.06484172910994,65.23318419273555
54.0,53.191013280179014,53.58384952218328
59.0,57.22990660204462,57.35197266867448
65.0,64.59475654797555,64.0360980045346
84.0,86.13206808145088,85.98518522596008
69.0,67.3900222077651,68.36848670528776
59.0,55.88693909271766,55.99747594242095
65.0,68.41860366229089,68.44000412753925
42.0,41.728787861929156,41.089513249567354
72.0,74.71139276765399,74.28832494542928
30.0,31.296868758916727,31.201953649876508
39.0,37.701465182554784,37.57889502213181
63.0,63.8347058091327,64.1015321845365
88.0,85.3144738648531,84.94144730762378
38.0,38.912207777688465,38.97884284178665
61.0,59.08083856219651,58.583070422267575
62.0,57.97945867538062,57.8044093724137
50.0,53.443209496555376,53.65383334769068
87.0,87.09126772048695,86.68890715018074
82.0,80.24465159003,81.11088370811873
50.0,50.60611230098065,51.15867373289062
43.0,45.166243381579974,45.45957941295015
55.0,56.61730283679179,55.739816844843475
97.0,92.58659937158026,91.41469229747904
93.0,91.38389024906856,91.94731454054313
73.0,73.21881607724605,72.03917785934719
45.0,43.764395499787646,43.47328397446443
64.0,64.59518366763845,63.88644975286719
40.0,40.140802534187614,40.46221963734048
43.0,42.962632320685124,42.91325283932607
19.0,21.255827186872914,20.904751769586895
68.0,65.98876010882253,66.38614659623691
71.0,71.38387366180982,70.65130689768283
16.0,18.221716328475367,19.235800392310086
94.0,88.14960086348935,89.14214177624059
74.0,74.15246400550258,74.26237590901685
90.0,89.99920169698505,90.06682139633166
46.0,45.97283761034206,46.22282755515409
68.0,67.69785552948176,68.00709132222786
29.0,31.72617406896215,32.64636762134393
53.0,52.43210376853445,53.73674973594511
39.0,41.16559984262407,40.90903291324797
56.0,54.5241586982755,54.55252808600854
69.0,73.90020086962275,73.82765655789113
46.0,43.223018558973656,42.739312739557704
89.0,87.98966528897401,87.85900139608195
30.0,31.898433331183668,31.631009973265748
27.0,29.26635409028709,29.581303702201264
20.0,20.490557413758758,20.67339897027216
43.0,43.245631217336566,42.47089886611043
38.0,41.40073994178463,41.02596861957257
78.0,78.60819577295214,79.5372128046881
85.0,84.65243141388875,84.97581412620923
65.0,66.70513783450076,67.599176682969
50.0,49.90304186945266,49.58946656995825
52.0,53.55478312385662,54.06320640973044
61.0,61.47705958004019,61.14953917487801
60.0,58.93597775671228,59.206516325803456
38.0,36.572802307552884,36.46195205457369
46.0,53.61925717448268,53.3147238435363
41.0,41.29998030954402,40.60946412805799
39.0,40.770657399676985,40.49955337144111
38.0,36.24529204608795,35.208807603546695
39.0,37.43382533270197,37.46515021568742
63.0,62.98079283967663,62.0316427600073
82.0,84.26468754192193,83.95723621765703
25.0,26.830969852507103,25.945588656609633
73.0,68.61761125999392,69.199572070557
52.0,51.98033034215059,51.647269620515814
25.0,25.90027801653078,25.775827339064193
72.0,76.43538421283407,76.01674170858746
68.0,64.99395009410635,65.34817528043098
37.0,37.133439123423,37.94129417744054
27.0,25.334478560427907,26.040824094945812
70.0,71.78146202519954,72.08488812041223
64.0,64.8694647138784,65.21644297751206
22.0,23.383250600345363,23.29998565682715
48.0,46.96057995273539,45.980445941633604
30.0,30.07797275570346,29.555106124095644
19.0,18.112038967073495,17.976826643924326
41.0,44.26698839235993,44.011091470340496
47.0,49.07004184197333,48.87141506381154
60.0,62.29739199869774,63.07202857670224
28.0,29.258030528009066,28.798478810205864
64.0,62.303575448169894,62.313936421631965
61.0,64.0958371127511,63.364718103210706
67.0,66.15110864117081,66.86136119876376
65.0,63.770454771757755,64.75014653715873
84.0,83.85939704488834,83.8394029776992
53.0,54.58082263633009,54.327597856995226
68.0,68.51234244024664,68.47569687449274
38.0,40.536163254236016,41.484915806306965
69.0,64.1967777253478,64.42738677905362
89.0,85.7149484491604,86.93502035231998
78.0,79.877757129483,80.0876727551977
51.0,51.815508550219356,52.16233307258864
57.0,58.166946092890285,58.76036459486126
57.0,53.380082490983554,53.61712468042197
44.0,44.418410942844105,44.838204995087764
28.0,29.606533924341694,29.191032256638564
21.0,22.367875895501868,22.330410475264067
23.0,24.914837176031845,25.703667028128013
62.0,62.12570168547648,61.29939396245354
24.0,23.138469304990497,23.01656233407129
60.0,61.19359666312048,60.89006669661587
71.0,72.75199066071958,72.73003113509522
53.0,55.62008643799551,55.98274436026492
25.0,26.392420409252132,26.759804660786095
74.0,71.85631383418728,71.70747239673925
28.0,28.7997529403694,28.38903023725
24.0,23.289659476772528,22.15020109208081
58.0,61.277808280815144,60.868171036338566
74.0,75.63138879595499,75.37451625928388
69.0,71.76578683690133,72.45278692269754
79.0,79.08561341767631,78.87620408316832
71.0,68.55301308173523,68.49511206239343
79.0,78.10807430978322,79.21000007053635
68.0,72.35934817658072,72.70434641307963
51.0,50.15154382301956,51.35501343828962
50.0,50.13647311040075,49.96877410623378
66.0,65.94402467512975,65.61841720228955
59.0,59.7280134601151,59.804748615114804
61.0,60.228720605402835,60.30508112019789
57.0,59.50775397687878,59.891941329494145
81.0,81.16979346974212,81.79092328884275
79.0,78.3145932712959,79.4581334347997
77.0,76.55426937803539,76.0811640492051
76.0,74.76848432300443,75.0333082820426
85.0,88.02129425196159,87.48236530523343
83.0,80.36409242412113,79.69128484844032
46.0,43.74230670699221,44.23003493201837
34.0,32.75722809851813,32.72207056132154
43.0,43.22970063827341,43.02959714795823
60.0,60.07829760380667,60.8038782896117
58.0,56.71194839274787,56.41490901486108
38.0,40.45987677535952,40.18635606339506
53.0,56.1274078999824,55.70128279743507
51.0,52.98358778348044,52.19198991514778
44.0,43.264161636149254,43.871219893575415
72.0,69.82139450090297,69.26390151980112
68.0,69.26384179740312,69.03923202815838
71.0,71.31728057407709,71.25388293618688
31.0,33.668169906457955,33.468249118080905
82.0,80.48771279672906,81.31076618173068
42.0,39.14886502774175,38.991411709750025
73.0,77.87183430734366,78.5121690565136
67.0,67.34624136131283,67.093908838906
56.0,55.35471470916902,54.92677602519197
30.0,30.85519355685169,32.000361688364976
45.0,43.418818483607026,43.123702952373655
43.0,42.235214514757914,42.01527460315864
38.0,38.17701788871699,38.101499967039146
72.0,73.65846634120172,72.99881445946416
84.0,84.3031021209807,84.41904001655215
61.0,58.775612575654264,59.26028388576513
43.0,43.44156334500029,43.96124431241803
63.0,63.110173595643325,63.59505754218157
68.0,70.00144113424032,70.20014848387025
76.0,77.288121509471,77.86064136172612
48.0,45.698782964243875,45.05861298460294
45.0,44.706723083254786,44.82291443544774
34.0,30.567454880197772,29.704725841538295
70.0,71.2680188617753,71.31364975843395
31.0,31.2854321982681,31.065194367567386
64.0,68.3956879561048,68.15892081363081
37.0,31.90926508062058,31.699308624324203
43.0,45.65589980577535,45.61737980695783
61.0,59.0285142480545,58.96246576589118
18.0,19.722514032219543,20.06533665985249
74.0,71.87001604938466,71.84236721835029
67.0,65.7180726211131,65.48829412436655
50.0,47.72435084151737,46.613960553588655
59.0,56.21699912840817,56.6417590233407
69.0,68.26469007026158,67.81382815996416
86.0,85.75605568242267,84.00835347964707
43.0,45.81857428692878,45.582256492051634
70.0,73.53667954102278,73.08544360339233
87.0,85.72766578056093,86.61718089896567
38.0,38.9915877960123,39.44856311987439
61.0,62.041472020701505,62.95330421254094
78.0,78.00146141156516,78.20018299225194
29.0,31.763268435191673,32.11309083720119
42.0,41.77315912382568,42.38090658569483
85.0,81.87283622549336,83.05641538472256
72.0,73.03281221026053,72.98466722367743
52.0,54.32531874652875,54.22013179579842
60.0,57.06163836184103,56.66065179124393
40.0,39.32592383320498,39.53037063843317
40.0,41.42619852230297,41.014094553623494
62.0,64.66098615768426,65.30282911062577
61.0,60.83461487869625,60.2355872109026
80.0,81.38849137915473,81.67019370924432
78.0,78.39687713758926,79.29201122143832
79.0,79.66425074644772,79.42615049927173
67.0,66.90334912901768,67.86915624950522
50.0,48.74457259236303,48.14186364169147
75.0,75.87355397078926,75.86791563536156
74.0,74.43617478699244,74.37003974153137
72.0,75.04246153832977,76.00225347484913
53.0,49.680724942447384,49.2363476898742
60.0,56.11033244533192,55.92120818094094
72.0,70.13935269896004,70.39889001024983
65.0,65.96886205221928,66.09230455994926
41.0,41.8748419044002,41.814042653903
51.0,53.04701740982893,52.81460192793867
42.0,40.2770605628716,40.15731214986785
23.0,23.704862434291073,23.602303502692223
68.0,71.30675276995039,71.81001673785109
34.0,32.71366230108616,31.973684633174763
87.0,87.60608297697851,88.14517950881759
45.0,44.780612799866844,44.89422565818811
65.0,64.60541451659947,64.69972199215029
36.0,37.968523703773684,37.775786915349386
66.0,65.78666145896636,66.60238932466203
72.0,71.77708312262799,72.76601868396375
31.0,31.36619121003019,31.674770639498007
55.0,56.44016136978449,56.4684463050651
28.0,27.307892235721457,27.27646809141499
43.0,42.51722064833394,41.9048728029741
77.0,76.89126600950148,77.10394179766215
80.0,81.84288856258127,81.39227572086614
52.0,48.64631303941747,48.0974661389412
78.0,76.95408914712137,76.75740977171189
45.0,46.17681397565286,46.310403804684626
56.0,54.39976476181728,54.49693515982531
53.0,53.83414861345302,54.51930347216931
45.0,43.772196622662115,44.68639104392463
49.0,47.42799749161001,46.856674377816034
43.0,43.681012628286595,43.77627008257683
73.0,70.70736910495195,70.52025914225374
42.0,39.76311752252856,39.72553063578985
85.0,81.98902052533202,81.83852166071034
35.0,37.21243615475922,37.968393802900714
35.0,35.167689320676374,35.75792418237985
40.0,41.69166605179476,41.472646518246535
77.0,76.09525409227636,75.72622009178797
53.0,56.627148340342075,56.133050307605494
24.0,23.77469373412758,23.49963537243095
57.0,57.336407025431086,58.1108773681658
47.0,47.96180273700352,47.87615387939262
58.0,53.37280109756021,54.1355675480842
88.0,86.0074927148349,85.39001327641778
75.0,73.42358174832484,72.86926772582132
30.0,27.781214344811346,27.625655938595177
82.0,79.30587841911483,78.88666729062535
19.0,22.478681054776867,22.90384957792463
44.0,40.732921178028256,40.38230035038453
68.0,70.26814798302298,70.85710502837654
50.0,49.65300984698096,49.91257743993186
65.0,63.24208771430171,63.029322389430796
43.0,41.089179252879354,41.54146493026461
63.0,61.338465139492925,61.55094940575283
50.0,53.98017162005178,54.235385527820384
42.0,43.05784702677641,43.60093684991443
45.0,40.99249806724528,41.67848495924504
74.0,70.74685828357063,70.42877595556382
80.0,77.05029127725848,77.20095182936757
38.0,35.91354344279895,36.55268827365113
42.0,44.014367874626835,44.09348610765046
77.0,78.98368621651404,79.40881581466088
76.0,75.76655484135279,77.09804428458514
71.0,70.55821000417018,70.11888927241516
86.0,86.15437168789751,87.63556517104215
74.0,73.43649367128364,72.94427405045258
23.0,24.649176441160236,24.14266601013705
49.0,50.57294902798135,50.66061800537205
83.0,83.44397938709844,83.72573292671727
41.0,38.44399778931559,37.55163839860924
45.0,47.04600109508885,47.065569118757466
63.0,59.94958165735154,60.102568065023824
82.0,81.53078762112668,82.01020193967823
21.0,19.37199870775581,19.32016360311348
77.0,77.9231425970172,79.12997867184006
90.0,91.27633279978811,90.50463405794589
42.0,41.40846956795146,41.10174746361532
50.0,47.68824575140124,47.95264850815752
41.0,43.886120896202435,44.20203541949885
60.0,62.125128784811814,62.110312574452216
71.0,70.09137732526034,70.7233206876733
63.0,64.05413027161589,64.14311742195127
45.0,42.15846900493067,41.39547661059758
67.0,62.95813779239742,63.0597695855379
51.0,51.25630481645231,51.88240023862941
54.0,56.95862501007844,56.062337185988255
32.0,32.463043235182084,32.03730804481685
43.0,43.298104723677135,44.2917506070793
18.0,21.571083517947734,21.359590756165804
62.0,63.09179079261731,62.62561004931544
42.0,44.30354823235163,44.579361466239234
39.0,38.87490036070319,39.81429722807307
51.0,50.63130293086915,51.195799932729415
83.0,81.10463833249123,81.7771317423682
35.0,35.73670409640568,35.81960535378072
37.0,35.70029161693373,34.941204794081386
58.0,58.122909239899606,58.18442894840699
57.0,57.794963083844934,57.39195396741025
62.0,61.94045782192762,61.7177575422241
57.0,57.36700663844487,57.66198803550368
47.0,48.41921428105127,47.93323681977632
38.0,37.013110449647236,36.608109193722754
62.0,60.511949065952386,60.038352789190334
53.0,56.70340033275503,55.816222659326336
41.0,42.64072131878473,43.130144261490244
44.0,45.023700389740675,45.58427038972729
37.0,41.75244301610594,40.863774955143576
36.0,32.58019786542947,31.927848359727932
63.0,62.51876890340777,62.76446336085497
82.0,80.30672019217921,79.09065647454139
84.0,85.55768378101766,85.89554133116404
54.0,52.96640580487582,52.03769657662117
80.0,76.63256995256397,76.37401559225088
54.0,51.67806417356717,52.118528337948696
59.0,59.78109354100576,59.16049116656714
51.0,50.197456576231396,49.672126043662274
45.0,45.395794103987896,45.199834284873205
65.0,65.98699563855607,66.20158514483887
64.0,67.60025820997487,68.23530122858274
59.0,56.15864737981465,56.33687347610781
41.0,41.5166955144511,40.43970936953569
55.0,54.959875545496146,54.61142827173822
12.0,16.270232627501056,16.63054731938441
70.0,70.76710795097611,70.70395572876721
69.0,67.28789806054104,67.12011282406499
47.0,47.814008433237525,47.321216204266555
56.0,56.85764330273312,56.46359135891869
69.0,72.01351671800276,71.95120918445903
81.0,82.38984354906265,82.55023539011336
24.0,25.34502100002892,25.780749277368102
63.0,63.4268616846298,63.131210227854766
68.0,66.31534944598214,66.33440632893817
70.0,73.83130106144827,73.05423044113499
49.0,51.48255022050625,51.33313346017418
42.0,37.668017706756345,37.336853197599794
40.0,41.27967409167025,41.980863755224064
72.0,72.06006965376231,72.18469266931169
28.0,28.09877789351784,28.238373872788685
54.0,55.09651703561649,54.57086303253896
48.0,49.77905165077965,50.04430068015526
42.0,41.18135638570182,40.912185836483324
48.0,48.120342928454534,47.48851208856453
41.0,43.234903878287646,42.293977246588014
38.0,36.79311178613112,37.421613541900115
93.0,92.70019038146734,93.05905064585167
33.0,29.96724508284472,29.44051794882609
66.0,68.79130563113685,68.16053396471466
50.0,52.03078955936274,52.51750769466603
62.0,62.817470897999115,63.03105225231501
73.0,70.01185027758993,69.91201198692899
61.0,61.21540403081428,61.96369140710911
29.0,25.804878391665852,24.672780547216966
33.0,34.74995985778013,34.80209620155206
88.0,87.90701405694205,88.03639419724507
56.0,54.8592216025805,55.43352165624137
47.0,50.78992797732158,50.875814128452596
73.0,73.36052410655161,73.2288554787561
32.0,32.35729592484218,32.20178036695509
54.0,54.91286129171394,54.768101138034254
78.0,77.36779883471725,76.76340002446186
23.0,25.71142820104474,24.184768631367398
71.0,71.42596566686751,71.76475669936558
41.0,43.87345269893629,44.14272192254633
77.0,78.94826234021923,79.27360108364104
86.0,83.45235463549687,83.19302039645989
80.0,78.37198240852531,78.3406853288008
96.0,93.91584437599012,93.4509067242708
25.0,28.249559256303375,28.18985965088075
70.0,69.78071179807245,69.91763966070661
90.0,86.49537540592749,86.76450669593282
66.0,62.35393500057595,61.373632939354756
27.0,25.76479741098074,25.44365202070295
69.0,68.8895660147002,69.45165196059867
49.0,49.277013501635196,48.68011090851548
37.0,36.89587227613778,36.299297970089725
40.0,39.499101291619304,39.317662706432834
41.0,42.136095421719155,42.44433631582156
77.0,74.20734212522366,72.5985857677949
31.0,30.79008096486491,30.711519233804818
88.0,89.41686490064156,89.73842092515021
41.0,41.847662712653815,41.76159267949123
76.0,77.43483489171301,76.93305035531309
75.0,77.12880843137981,78.4333959965706
81.0,81.84197064987767,82.5028607993674
46.0,43.20881800048412,41.899195634501766
37.0,36.11693890175401,36.27936808142562
82.0,82.80384880777463,83.19500200432968
73.0,72.2036152802591,72.51104596686908
52.0,53.961132002970565,53.99956627519777
36.0,36.239539605952054,35.35200722781285
41.0,44.40975540781879,44.46285409653852
48.0,49.968928189371645,50.20844094185974
64.0,61.27865986176674,62.06305409964901
30.0,30.03917244545733,30.357047352512392
72.0,72.93860139892242,72.02944736538504
46.0,47.777908665926766,47.452783998945705
82.0,79.76156653374888,79.68942680662656
36.0,37.752394492866834,37.26284745623278
46.0,48.157158137393544,48.435033207043865
44.0,40.59998635517148,40.77095533785219
23.0,21.3477561033217,21.740679083002657
71.0,68.952002139433,69.33574633618333
63.0,60.89423455688146,60.83145930120792
31.0,29.548078967204365,30.28877663798606
52.0,55.012923264145186,55.309490791880314
47.0,48.03628853268542,48.028495519732
59.0,56.32590623796046,55.1372995765565
97.0,93.11308995873435,91.86967557147733
63.0,65.45017302891873,65.5844368038987
53.0,52.54752792010963,53.21491860420721
51.0,49.61125801701376,49.41065723747868
74.0,74.0177229390747,73.81378995470459
40.0,42.32279183755427,42.31679266585423
90.0,88.87233798446997,89.38313064156182
59.0,58.674721175398034,58.43800383850336
76.0,80.04730243272907,80.26978414663421
34.0,36.96249312988137,36.73294997843754
51.0,52.40050250810537,52.41184842271666
47.0,45.78422769132957,45.375966863921875
40.0,43.06015095095527,42.89164474764653
67.0,68.25186296752373,68.22804217880174
64.0,63.205026723221124,63.42375681452493
54.0,52.190439781462025,51.619124091292996
69.0,68.76745531707931,69.05686028371252
75.0,76.66439938237863,76.13460047583375
86.0,86.8318256095823,86.02879594416271
78.0,77.95145436045514,78.23097347051439
47.0,45.29054346761321,45.84262526242201
16.0,16.45887763545853,16.86737882428732
84.0,87.80964712130009,88.09472712444514
12.0,14.51763826411906,14.97268564449147
81.0,81.75894075962745,82.12207661136095
54.0,56.24872767372145,56.90854567435547
79.0,80.05765845268277,80.79559543453496
57.0,57.81654885864544,56.75511605194463
38.0,33.682866813960445,32.99141833032121
19.0,21.49458647898992,21.62708657765955
32.0,32.70385939435989,33.12224200559593
52.0,51.23290687164592,51.151366064008066
30.0,29.39057823034585,30.080918896121077
36.0,34.36346600738163,33.831440947954924
59.0,61.38204796131146,61.11678548440001
25.0,25.448763694235044,25.433224999860897
50.0,45.54379406401431,46.7733833820938
60.0,58.114437530826564,57.73060281427149
77.0,81.01794214343052,81.04502315294542
40.0,37.88739811759687,37.845008116874354
47.0,45.154306460063744,44.40462402906127
48.0,48.878917220054255,48.97325838279595
78.0,77.08959466256988,76.854162133545
26.0,26.627826794076633,27.096501421271498
68.0,69.34197427932672,69.52268874162522
25.0,26.244480514003584,27.261457269392388
18.0,22.509281365158852,22.014357250430066
58.0,57.598789714359654,57.119792423823384
54.0,53.66471144785175,53.775516557739245
69.0,68.21783323317638,68.54756671339773
61.0,60.619389742659905,60.75863797506411
30.0,27.930043363393587,28.35375558619876
41.0,41.523153409355814,41.14581805313559
78.0,78.4357275907302,78.16957889600735
45.0,42.01980662533463,43.92980409559157
32.0,32.54104932293502,32.53974832876123
60.0,60.27368117072881,60.46740540637545
24.0,21.676339242570723,21.598854151674644
34.0,33.583922445846795,33.32914706608199
62.0,67.90599294706377,67.6407831325746
63.0,62.651423070226585,61.68870033082292
34.0,36.636884925873936,36.59107128558805
69.0,68.33111921887784,67.59096769115857
77.0,77.748249053161,77.74553609597405
44.0,46.18837791305318,46.104354260635304
29.0,29.854628545872846,30.69007099437296
60.0,61.3147459021761,61.681200227581954
30.0,32.514999182758885,32.5801074642639
75.0,75.12043289168992,74.48557454803542
45.0,43.70427279517936,44.139803081306184
46.0,43.68621821797525,42.92348283707556
73.0,74.26965964019504,74.69286928510951
44.0,45.830326538286315,45.602341004772015
34.0,32.76591812142368,32.11041085334973
23.0,22.40081796152386,22.691103199259253
32.0,35.743471545277515,36.22501512014275
75.0,77.61753142022116,77.95446071681752
74.0,70.9000690966759,70.93453460210094
48.0,48.46525466500925,48.04434014559438
21.0,21.581542667586938,21.816650750729885
46.0,45.72246574635526,45.333008371777765
49.0,52.711028026319575,52.95448866481049
50.0,50.88138756988592,50.69542858933173
54.0,48.28282306471154,47.600132431600805
31.0,32.96424622958288,33.692223101665924
37.0,36.05494860366291,36.314096634946964
35.0,37.12668450660997,37.1356939702925
75.0,73.74838374886444,74.32073864570248
39.0,42.06352563135116,42.29291553689595
66.0,66.53382185134957,66.74771206885882
64.0,63.467481180884164,64.37046797980288
54.0,51.95508877337808,53.255310505245134
44.0,45.131245655432615,45.29942919866017
54.0,52.939414530651206,51.96598661888196
68.0,71.94505924662393,72.14146315851664
47.0,46.57593413996033,47.2398151594457
51.0,52.398013191844214,51.39658114948832
80.0,79.52109784635222,79.02985327113937
49.0,49.729502905659366,49.61555044842574
40.0,38.38793364359038,38.186144891867286
67.0,65.33942449789241,65.36295961064992
46.0,45.247530057539166,44.59334912174471
80.0,77.90529139096046,78.43878908250474
62.0,61.98868649594806,62.74345780584443
68.0,67.3736480455036,66.34474541476231
41.0,44.621552388828924,43.31671789698733
50.0,51.40356683133822,51.369497246257396
32.0,38.724929180967834,38.68773683589152
81.0,79.85379531311217,78.55608640355152
31.0,28.449507178419204,28.712259040791558
22.0,24.232489173975832,23.479863680046122
74.0,76.00890690981389,75.95445937373896
77.0,70.17953265027677,69.90312999313241
17.0,16.025370180742826,16.289514162704176
26.0,24.65193821886073,25.03407550136071
90.0,92.44795653996158,92.97626917205656
68.0,68.31474928993576,67.56225049402131
66.0,65.09139844573967,65.00214322631224
72.0,72.97530120561392,72.92058407560863
63.0,63.56011252927436,63.93951940306306
30.0,28.10570536895027,27.22146444124634
43.0,42.82722622917308,43.13476538188851
73.0,73.3078845071203,72.887442221235
71.0,71.50482916105054,71.73809907102262
53.0,53.000912643999925,53.18077689349461
53.0,54.34072318191323,54.128885514849266
52.0,53.763134807294776,54.031587862773954
28.0,28.85607819210723,29.517554783406645
61.0,62.349078021031524,61.669652712940604
82.0,81.34999365527608,80.68418372736713
83.0,81.08393679597195,80.59884140180979
91.0,91.85594733539278,91.9105177462846
77.0,77.42987076951276,77.26329061167738
44.0,43.11481031446872,43.7049590496195
44.0,45.71539267536207,44.852874054940976
63.0,62.26215923834849,62.19555170159619
57.0,57.98658097205744,56.90803236786683
48.0,47.37108742410988,46.730153094845804
66.0,68.71661160843591,68.36427689035187
64.0,64.85484329137282,65.26131209072662
44.0,43.07439313365816,42.49643405711766
55.0,55.632264208740175,55.800685667609955
57.0,62.62655701272356,61.672234190867194
27.0,24.974997412407227,25.76828131925741
22.0,21.204750959158154,21.689885990481194
70.0,68.38125521469964,68.35656213086308
25.0,29.683901173881917,30.181356458803425
56.0,56.46649892852301,57.25247604741128
65.0,71.1165681687115,71.1602835989256
66.0,65.94527413756987,66.28116869274493
26.0,25.310732929034625,24.924421616279517
74.0,74.46845186892816,73.70540894848716
26.0,30.366407882914995,31.488207827890967
60.0,60.25607140354632,59.808407804196605
43.0,41.5423492538285,41.948707484606736
41.0,39.512047395610566,39.06097628441474
42.0,40.763103659479754,41.30625456206321
71.0,70.45244665393676,71.00612135490665
49.0,47.37555772505599,46.21533938568549
28.0,27.96352754942493,27.926248204387605
54.0,52.85720285534451,53.03395770541005
60.0,57.20649265224981,56.516377037190615
31.0,29.26635409028709,29.581303702201264
74.0,72.8242132530929,73.86944016391601
29.0,29.738719050153176,30.29348773782643
36.0,35.611447857548775,35.14364684957864
52.0,51.317241102874604,52.05709143105206
53.0,54.77771769725129,54.253933850211496
29.0,31.796211384571972,30.760457974792814
80.0,78.70124930354203,79.21274555203026
29.0,28.228383943064415,28.01311842933225
41.0,36.80264118536021,36.51825143749702
68.0,69.4923637498144,69.65573297574807
78.0,81.4552097845426,81.90664932987731
37.0,39.94916661939905,39.85919951290179
73.0,72.7678337081052,73.11801378474289
64.0,64.28863969927357,65.24401353491052
71.0,67.10584662290458,66.91828676341025
50.0,49.42365416780718,50.02923893567966
59.0,61.957155032203694,62.24668599933065
80.0,81.53558023895187,82.23994188402574
56.0,56.64281650019997,56.83492580990857
55.0,59.534052061186856,59.86652440737593
49.0,50.4575403653727,49.684150646359235
88.0,86.19802453353107,85.90645674205217
79.0,79.23366281275248,78.64113612743184
56.0,56.788615205469306,55.49347023673765
52.0,52.2204865976714,51.90864030025344
46.0,49.50949714564866,49.45006520215268
75.0,72.09031280296922,72.35418953256531
60.0,62.468670545392854,62.39793353211945
67.0,70.03997872336647,69.79294916777418
56.0,56.25818727255007,56.39607298924295
61.0,59.508279306730515,59.940353317523
37.0,36.3490677558804,36.688438847775004
39.0,39.98668704397656,40.68719196300569
81.0,80.24751189237479,79.73629909893748
47.0,46.21009064488647,46.671436270110064
18.0,17.07168722528954,17.82398772092761
93.0,90.67922803996306,89.92732231526156
73.0,72.7824733715201,72.70429358984505
29.0,24.211451928847072,24.272794573892607
32.0,33.49405989926347,32.837901367792895
33.0,32.80159248239517,32.084361472177136
57.0,55.702519244748316,55.39767549019912
49.0,48.21900719967411,47.70310748987306
92.0,89.43729491219283,89.31691567790813
89.0,90.76031773504924,90.42351371072633
44.0,46.13388529991969,45.48682455184043
65.0,63.62492593460652,63.48558751084207
37.0,33.97117589347932,34.026018060344526
58.0,55.44348931900422,56.16408033617586
86.0,84.63883641606368,84.64042796434742
37.0,38.12542801818465,37.929787281349235
22.0,24.227321608401567,22.737029500702466
41.0,40.2431870780734,39.69937493382207
48.0,45.94088132158537,46.51519962600002
27.0,28.91612140553267,29.455253449833826
78.0,80.02429571024258,79.41411037919701
80.0,79.80261849073389,80.15649451613626
80.0,80.8561522610382,81.20641844916972
70.0,70.58708056742661,70.20853822887793
31.0,30.779296100669498,31.662983476691053
26.0,27.57902296822615,28.404300848795526
64.0,65.10741738848307,65.97911830605001
72.0,74.21368417745298,74.2500904514283
63.0,63.15845163756216,63.258777776570426
62.0,62.927490824267316,63.040198020424
63.0,62.194513274040325,62.55998355793395
67.0,67.51065846817028,68.35018600026928
74.0,74.3780562257881,74.88270619235368
32.0,33.95804782089532,34.226707072718945
39.0,38.13837820529971,37.64949220094639
47.0,45.90650702689042,46.41674342682493
55.0,56.325864610951754,57.01242250426713
76.0,77.88391760113792,78.61418568220557
49.0,49.28313622240968,50.49485737336254
57.0,56.88653635459407,56.183877281267584
13.0,14.975357494868696,16.059828259378385
70.0,70.26125738669721,70.62383376962518
56.0,61.06243742443479,60.77029691980511
45.0,45.581243868147354,45.73780061848839
55.0,54.90186476946197,55.55095198332089
22.0,20.98032121616233,20.03037401681884
32.0,32.876307200495766,32.944000802052365
52.0,51.36081614576736,52.22275694415819
60.0,58.61548121179242,59.45105930123944
37.0,37.27731702726078,37.00020149770535
25.0,27.135061145324176,27.782162814152432
17.0,17.819952157451137,18.5450525890561
79.0,78.40056243827296,79.00531341971273
81.0,80.41564061292614,79.99957364967632
86.0,84.7989379016199,84.75154896407648
32.0,31.28734299201292,31.237677331402722
21.0,20.85427734498964,19.83714682478612
58.0,61.11479813700803,60.823601618706945
99.0,95.53321938078213,95.5653400732258
94.0,92.04969584291062,90.44627943066388
34.0,34.35110876967069,34.726500203195066
70.0,68.59679357258238,67.75001125579288
82.0,78.1023512284494,77.9181371826597
43.0,46.424156490303204,44.85472598596543
71.0,71.05915530022574,70.91172614720514
45.0,45.99443770793658,46.132345654855115
72.0,72.48714345865731,72.35700182509908
82.0,81.26413720179069,80.94756075022912
59.0,58.843237433723694,59.30794829050334
74.0,74.47630685866596,74.23196307419192
32.0,32.27779374857053,31.71043998226554
65.0,64.27219903128056,64.37018218705695
36.0,35.45883504585122,35.95638810638428
47.0,44.20624388021246,44.76276179596935
73.0,73.13797977541088,73.14629293085272
57.0,56.42662534450765,56.70304441004777
37.0,39.27315652228966,39.170208367861406
87.0,85.19911128883184,84.72210066370148
60.0,61.42756008782666,61.25114678138579
39.0,36.597569074230236,37.197414798867015
21.0,21.30901350160498,22.04237145775695
49.0,48.10862662742501,48.140070868952634
22.0,25.715694489763738,26.55135469592615
24.0,26.299373169606373,26.373931974862927
62.0,60.17121229960289,60.75180599001368
26.0,25.284471608914213,25.00196981478361
84.0,85.24688932038646,84.80115573871116
62.0,62.68481521325577,62.69577872515216
37.0,38.2518745873173,38.115830644464666
31.0,30.12175462800586,30.46995023411495
73.0,75.76007516552961,74.02314267314573
72.0,71.8472512555344,72.11293273944896
62.0,62.695984792329675,63.290358686053544
47.0,44.182813151908476,44.24345743476548
59.0,59.50775397687878,59.891941329494145
58.0,60.520811591415644,59.68730245877516
32.0,33.53443209512764,32.91070610611118
47.0,44.81626763713792,44.37598594331717
82.0,78.73967302317322,77.92062311742097
75.0,74.7630245714839,75.80458002716345
43.0,40.554954264713004,40.29241114793951
79.0,80.93674012624423,80.84937239169889
51.0,47.46331272261011,47.322620763883066
56.0,57.91496898519984,58.12392093506272
87.0,88.26841710893638,87.60383027022496
71.0,72.73522060472786,72.09676294247434
85.0,84.50428002493368,84.87122554816855
74.0,71.59039047329252,73.04666910697539
65.0,62.88923700041139,63.03944667542466
38.0,39.01449987249606,38.67460194393779
72.0,74.5773145541812,74.2978152714199
84.0,86.36852230443829,86.11390917727022
50.0,47.13614670819541,47.54861870083598
49.0,45.611877310472224,45.69222605799601
45.0,45.97225667225743,45.04728052170506
62.0,62.87923865807029,63.40736219677522
44.0,40.562283048111,40.340674511255024
20.0,17.345147196725286,18.359400921109305
62.0,63.99052379317842,64.39918488215969
79.0,78.05897481428997,78.50054279294912
36.0,38.734194476217645,38.570026087288426
74.0,76.7883542595077,78.04316542334972
78.0,78.29787916475071,78.14579781405979
74.0,72.96030272831595,72.58315855566664
76.0,73.96380256945706,73.9169921242992
69.0,68.99156409538973,69.03078586765852
59.0,61.23351659556856,61.01379046173386
50.0,50.848161620961406,50.848269284781225
48.0,52.52444831961879,53.0724852430217
71.0,71.26652588418924,70.72995585947757
79.0,78.09717128395961,77.7548477114522
69.0,71.52714946754804,71.24928977943758
74.0,73.06663711864029,73.58265730742923
66.0,66.29824796859295,66.01050340406245
78.0,79.17996104445834,80.22498781735266
68.0,69.46045815603128,69.96452987794382
75.0,76.2815410384727,76.82273875113937
25.0,28.971189869061465,29.337343581460136
40.0,39.44752213328999,38.66423152011032
34.0,37.58124406168056,38.57744404430141
66.0,65.25084957997043,64.87655728865954
43.0,45.130628389201895,44.70135130619926
55.0,53.12137176559107,53.30193545102623
26.0,24.55616540963552,25.74389421246573
36.0,34.35830357339377,34.83035972215573
84.0,84.27856509621476,84.29402097992015
60.0,61.00184706473688,61.08740461989905
67.0,67.57371173339742,67.7023444303877
54.0,53.763134807294776,54.031587862773954
45.0,42.96403559892132,43.47916977909511
72.0,72.01355925412577,72.34922899993437
17.0,18.175351375202577,18.354767259440184
24.0,25.53466609205642,25.67066862171557
36.0,37.4331614935253,37.830911555037524
74.0,72.97268558433174,72.13533849991433
61.0,61.5638382225749,62.56639053590325
77.0,75.89570951023686,75.83535975509508
52.0,51.25630481645231,51.88240023862941
43.0,41.76739376814042,42.13219758101953
18.0,21.076581151381838,22.079963855199725
52.0,51.547898493559345,50.68860745907043
55.0,56.192094751203754,56.584945590701
61.0,60.93199562457473,60.29793166312113
38.0,40.56711970808543,40.3977059667463
50.0,49.696184253999384,50.150302415068026
45.0,45.344383261532734,45.09402067826768
31.0,32.77230949272066,32.251283823351024
26.0,27.930043363393587,28.35375558619876
31.0,32.52844918448493,32.75625913767601
44.0,44.30171792117357,43.99116367913284
82.0,79.12480509649417,78.88224081198331
59.0,56.775819063225136,56.24889097368103
74.0,78.58614728858527,78.56796457336874
93.0,89.03787567162192,88.56506038401726
41.0,42.34889497440239,41.94473960170527
22.0,20.11115918865891,20.383905843860646
20.0,18.951834226659976,19.06276376548904
50.0,47.45138872856484,47.83194735516872
90.0,87.12881137888435,87.65342258349801
82.0,82.45430842887437,83.22097641259711
37.0,40.80148081281269,39.81117601880587
47.0,48.47084798372322,49.33273445363605
74.0,74.00067759940684,75.06535308151695
88.0,85.9991390638677,86.37003665058188
55.0,54.973124357766515,54.39104298975679
50.0,48.882788136669646,49.01057974972013
50.0,51.32989816385175,51.50084812301509
39.0,38.38716604717351,37.901818247885714
57.0,59.434038010166006,60.0792563837916
23.0,21.06331158765368,21.504018973096528
82.0,80.17674777741756,80.87370755860884
76.0,70.89295293809532,71.23590525666
72.0,71.74852438015947,72.70790051718204
60.0,61.28327476484307,60.8472954302193
48.0,44.419327096009525,44.72523359617115
34.0,34.48670328604702,35.77980068620244
57.0,55.72429746882786,55.667939237556666
51.0,52.480425191359544,52.07903652099751
66.0,63.64124821575307,63.2889205951552
49.0,49.18614301094095,50.060769041970204
27.0,27.62403382223384,27.51868104815621
45.0,48.29147638422135,47.784658674008966
72.0,70.24641038557269,69.87997956435399
66.0,63.758664487112235,63.31211438482981
76.0,72.48480947850724,73.14515908051807
29.0,31.598029845688686,31.161899206345527
78.0,77.70684661630403,77.59613992988359
48.0,47.793746753385264,47.52950294095222
55.0,51.885305317639606,52.075405484942436
79.0,78.26371010814051,77.84228627886299
29.0,30.547272922641856,30.94022686837778
44.0,44.46503126372139,44.86478012355717
82.0,82.0481493784446,82.30566103965141
71.0,69.13189243982136,69.28629853173642
53.0,53.57744469940217,53.26182942383234
40.0,38.51614933175525,39.11350255863676
37.0,37.60161568386456,37.77190228006967
67.0,66.96116267749633,66.68991272923972
52.0,49.45434016243205,50.104528563791035
24.0,26.23300686644732,26.227323277969155
52.0,51.20784392377774,50.738352028115656
26.0,26.907189710924655,27.32866602657521
48.0,52.55775549135225,52.410823196786694
51.0,51.24274886871563,50.84798459584836
76.0,77.95762776091095,77.86033533522514
83.0,78.93980475138524,80.19421933729134
88.0,87.38899690647976,87.54645157233581
91.0,90.6882449638475,90.55213580582604
62.0,60.58806807741532,61.08844407621929
27.0,27.15424051368977,26.340396809290688
19.0,17.555166412754993,17.724318394875265
59.0,59.28477160255685,59.21071379834987
70.0,69.943257281157,69.92204057558823
27.0,28.921075056818932,28.644607992820305
68.0,69.96108509498411,71.16256008555543
61.0,59.51447763927221,59.644464848442695
22.0,18.81277212457979,18.713601058921505
57.0,58.10398007071929,58.50751166692597
61.0,59.38707774828467,59.47372648854962
74.0,71.77492498303103,71.98080565282045
49.0,47.657045457178235,48.07090827607106
41.0,40.42588402332636,40.95237833731055
48.0,46.14418962303895,45.68738865224995
68.0,69.16768743745881,68.72047349272512
83.0,80.39869926836526,80.32965425157465
73.0,71.05915530022574,70.91172614720514
82.0,83.46899218046823,82.91298274745374
95.0,94.43023843464461,93.7580101950815
51.0,51.93029665482546,51.557163674094454
54.0,52.89676105673335,52.93522851515955
38.0,40.32975156341002,41.68472476206841
33.0,34.81625619721666,34.61562130296565
80.0,80.17627593456436,78.90855746775955
30.0,30.366407882914995,31.488207827890967
35.0,32.60977794981479,32.37088631893785
31.0,31.99091218088757,33.06085466755146
45.0,48.44392921132243,48.58703042755064
17.0,16.19615328174562,16.980568639378138
68.0,67.39981014163494,66.85020281426719
66.0,66.12847872417304,66.83371540922093
59.0,61.35082059078396,61.83164436508188
67.0,70.73924102705948,71.02982235346985
39.0,39.799592555645084,40.085579954525095
64.0,66.60883919026942,67.12373005748371
89.0,90.3796830691677,89.5350125012597
62.0,60.441370192766065,60.180000514908
74.0,73.85929761571968,74.06507745550658
49.0,46.39771281342126,46.05805163325538
32.0,31.976669300113002,31.228571883309016
61.0,58.06666967839078,59.104852084510085
81.0,83.46293148013369,83.01287625012131
68.0,69.8993784542669,69.99476059848175
32.0,30.922761855185836,30.992408263577026
52.0,51.86438799236474,52.03535816627517
78.0,77.50138528651594,77.26563125222756
69.0,70.86579567445044,71.53786123290449
68.0,67.9183570197278,67.74875200282128
67.0,68.99137011845836,69.03654146401935
44.0,42.72505796382287,42.785636394683706
40.0,38.22678095506516,38.30358172630095
74.0,72.97664960347235,73.50913254792809
18.0,13.876104325928651,14.672628573532176
63.0,63.6137757651613,63.07399034547181
71.0,67.58069655494734,67.67156097133851
72.0,73.83762623442895,74.35348588420686
67.0,67.8912515039975,66.85817884985997
61.0,60.436169414026224,60.81426871328783
45.0,46.2586373509405,46.29315160667428
29.0,29.763142982961337,29.580525894886524
31.0,30.36544050727691,30.61874845177499
26.0,32.0619670211743,31.893947164769727
59.0,60.300642261679265,59.793365453298634
79.0,75.62336126431154,76.03527092991618
33.0,32.387721136761,31.975647704177355
35.0,37.1881203703339,36.7092004740161
46.0,48.56065428485294,48.429600291496435
51.0,52.301334648873485,51.562310378014445
38.0,37.83806622450601,37.607655286790376
49.0,51.527959910906574,51.627024274696296
73.0,70.8074597574636,70.8865859575256
38.0,40.249771579221324,41.1981854704314
71.0,74.37097517826648,74.78055740473428
51.0,50.011446168130746,50.574285788185975
27.0,27.88670841586961,27.908713353221998
85.0,87.05279351462012,87.22315630096966
19.0,18.687289850352627,19.588705969333073
42.0,44.68057046418655,44.875404309149346
65.0,63.281729491598476,63.21419958282324
23.0,23.160610600649488,22.87136138577439
70.0,65.70256247354686,65.4873019784978
82.0,81.19119022543678,80.96705605456546
59.0,54.64598703677581,54.677143070122014
30.0,32.458394482503955,32.773509359147724
88.0,89.36804981449113,89.41883141377821
40.0,41.63140452677119,42.26645075666989
82.0,84.00590820374676,83.94642937461737
17.0,18.803656960740007,18.74275097758605
25.0,26.41815727058176,25.659089593707705
57.0,58.33337276975805,58.85572499762785
78.0,80.5970348779978,80.08118211601891
65.0,65.34982082642432,64.74069878162958
38.0,35.024027617239845,34.641480954989746
53.0,50.33698508394225,50.03424837621431
66.0,68.73163918476948,68.63148865413459
65.0,66.24251055879779,65.00719761823817
75.0,72.78336869246024,73.42583046075694
57.0,58.80306949663923,58.20445844465814
47.0,44.159848383356525,45.06521526091616
35.0,33.36869658084253,33.05728885426909
89.0,88.20197975143552,87.44462510927558
13.0,12.424575523222723,13.66022856127547
60.0,60.49207337756588,60.20145580303044
68.0,62.85695254987806,63.307047287997065
56.0,53.099850987914095,52.999812345947305
62.0,60.421610726626845,60.61761090349775
50.0,50.84677218919066,51.695304527757266
33.0,31.839723742729177,31.853622608972614
64.0,65.28032060613147,65.11723595633889
75.0,74.0051899364925,74.16814040584703
38.0,40.14292399341939,39.696902744336356
74.0,73.8700128880937,73.6722062886959
74.0,75.15851918760184,75.09344465191654
56.0,54.58219773986536,54.716088303026716
43.0,42.95108894043064,42.25377215385974
52.0,54.746648556623924,55.05222636556741
97.0,96.59215930861045,96.07427263784118
37.0,39.49999249378686,38.80152817305354
57.0,54.62276042360185,54.830167140798395
61.0,64.62818376796662,65.22423987358566
45.0,45.14056609007171,46.123024977556604
79.0,77.97986091993674,77.18580057834512
32.0,34.03111036751709,33.58844755031549
79.0,77.57328427989229,77.68798214270646
40.0,41.56350730267641,41.583081609335665
42.0,42.72651427198794,42.865811702892486
31.0,27.699582759032424,27.130491043119562
42.0,41.95000095768727,41.84437249666548
37.0,34.481248482853665,34.3503309416115
82.0,81.82258028906405,82.50334014932758
47.0,46.596300417542885,46.041845814649655
35.0,30.39021176976666,29.940757484118496
87.0,87.02633713353958,87.57021385034598
59.0,55.14790865897438,55.39142820958956
39.0,37.93526232215271,38.14321178325443
46.0,46.876949493796815,47.32446419946026
41.0,44.61320995792639,44.57361635066887
88.0,90.16765484908365,89.4971058459891
25.0,28.695279624209096,29.416435635615095
77.0,78.24257567643578,77.67026986726447
67.0,66.06736080189658,66.27364723141153
87.0,83.36768703119375,84.01230142115236
50.0,50.827433294275274,50.664689889959014
45.0,42.00483946266656,43.25398211439927
57.0,55.630931158338456,56.61672659739809
34.0,36.33084970448817,36.43636358016384
64.0,59.19526372725898,60.16406683801611
69.0,70.53435650174741,70.60327908600803
21.0,20.86270978716927,20.487568696163112
44.0,47.3281765291497,47.974005994703276
30.0,30.888295439756426,31.54481892248387
51.0,50.99614332157189,50.571674425431894
87.0,85.24252886732965,85.11913888995333
53.0,55.03184511273635,55.29133960024183
61.0,59.760047035346965,59.93469254994461
45.0,47.05228455123103,48.102900150460776
91.0,93.5739321155906,92.49660134481432
47.0,50.23578704848997,50.0409863643195
55.0,57.52158117160058,58.118595063369824
77.0,77.99966848025194,78.03429177742228
17.0,19.583849484263236,19.77739106139761
54.0,51.06661224089087,50.55197961997398
66.0,67.15127382990234,66.45952387169277
79.0,79.46776631176014,79.44403465715789
66.0,65.66013150687085,65.9423019232032
52.0,53.04786210423469,53.01064033137153
53.0,52.77483105378552,52.16505948164828
71.0,69.86067080664185,70.02247717302919
63.0,58.75320466051371,59.13126507462918
55.0,59.17727863728231,58.75289304263826
99.0,97.1164640345661,95.94840333023447
49.0,47.1328356674643,46.571203678054985
86.0,84.92946912276524,85.34338667380528
78.0,78.34948157086414,78.7590213076396
65.0,65.95388161395758,65.72302993852624
57.0,56.35803398963708,56.2981368345972
27.0,26.053164474288362,25.677530799145934
44.0,47.4593076108125,46.98341059442403
49.0,50.299388073533706,50.72453719692505
28.0,29.39057823034585,30.080918896121077
64.0,64.59776719812068,66.20146773038088
39.0,40.45956507894185,40.01151494919134
76.0,74.02545815779987,73.87637038151331
66.0,64.77153809397315,64.96738860776365
87.0,87.07968946005883,86.9997703357601
26.0,27.80842822342295,27.41430467532614
72.0,69.89711926196277,70.66889451215971
46.0,45.68569902187785,45.51487229532927
58.0,55.34328062573328,55.373948071121454
56.0,53.17754189113399,54.78042882223811
76.0,73.40338035142992,73.13559773305857
56.0,54.94066139978328,54.58080014608245
43.0,42.28491634821298,41.66320444228329
86.0,83.26824452854227,83.10461348535469
43.0,43.09315924231525,41.760172944675794
54.0,53.51768202320191,53.907258513108815
74.0,74.88655296270049,76.05757750601356
43.0,42.87289977930757,42.792189921095236
60.0,61.42324208684955,60.73208329336238
44.0,44.677203960352095,45.33488681683414
42.0,42.18443891916634,41.685580481488245
28.0,33.0219877185176,33.315592725763324
75.0,76.1588257376123,75.90469066063125
54.0,53.702688155771405,54.312407809435356
33.0,35.28400729586579,34.19302281867203
67.0,68.11473515095383,68.1057526416428
47.0,43.31827398647444,42.68639341101568
77.0,77.17074263236303,78.29913260899735
67.0,69.19122802856567,68.3658903797635
32.0,27.575825933062767,27.72422711703638
42.0,41.955536887391254,41.07415831741016
70.0,68.6697317889273,69.40440814994028
52.0,49.85132703081638,49.914406408602645
44.0,42.34893442665288,42.31262090222958
45.0,45.15481455049216,45.116756693014416
46.0,47.867186285583564,47.47206696625552
49.0,53.067079366444325,52.82163710201351
44.0,45.61123365129523,46.36456752891788
76.0,73.74064314400808,74.86555829113018
41.0,42.39143191509953,43.15474268095646
50.0,51.399701088864894,50.81833324368664
75.0,75.27891403955603,75.97538363935486
42.0,41.64472160757903,40.8780151981044
58.0,58.281175404617485,57.97271344617704
77.0,77.99669415269088,77.37928827646192
50.0,47.96998059832664,48.10222819652137
31.0,37.27731702726078,37.00020149770535
49.0,50.533350756724616,50.61608870517816
73.0,73.17982072526398,72.689510362276
61.0,60.977022480225344,61.526796268287754
44.0,46.05981081445675,46.049766953810774
70.0,71.90321221653585,72.3077415580468
58.0,57.06163836184103,56.66065179124393
63.0,62.12302077322461,62.35594686811349
78.0,82.13559580802904,81.43153356657945
16.0,14.320607090910608,15.412547128152035
66.0,64.84925686309613,64.99519293474773
26.0,28.837794905912585,28.2025984075007
83.0,82.12686991251582,82.06977290325281
37.0,40.151516403299304,40.12885224270807
46.0,46.19004381320407,46.04908258863166
34.0,36.735777068528776,36.89578336958255
88.0,87.64798627831445,88.55310109846963
33.0,31.340062838417005,30.958832242948343
15.0,18.450037249367472,18.011019797072514
53.0,51.42292225655443,50.408964184083466
45.0,46.866113203542916,46.86784422117328
66.0,62.682921024074645,62.46187581658941
16.0,16.762428224296123,17.06582333778512
65.0,63.31935164367603,63.55915971411976
47.0,45.998933853830046,45.64187794743217
