Actual,GradientBoost_Prediction
51.0,53.97379443336809
20.0,24.81843003096011
46.0,48.44647957476951
28.0,34.94590582363082
41.0,43.1086127251656
59.0,56.85926616866284
48.0,44.39138742886215
87.0,83.35821129196813
37.0,37.73930318113462
73.0,75.88235905148784
66.0,65.21953431990276
30.0,26.541945296802872
61.0,56.804992876142094
45.0,41.77929682535218
52.0,46.66459949212244
41.0,46.159565908108476
63.0,60.90154646894599
78.0,80.75646502939115
63.0,66.52775133507252
42.0,46.851657619845355
59.0,65.33485170119833
15.0,17.939499467237052
38.0,38.18397334261997
76.0,74.55248302220772
84.0,84.67226153717694
32.0,27.508075468336028
30.0,28.504301464243934
92.0,88.20442402138488
52.0,49.00263859768992
57.0,54.41401425982476
60.0,60.96009426461215
35.0,34.499207034098944
42.0,36.8386735981805
53.0,49.275853633101676
36.0,32.2313431968864
64.0,64.55809052332454
45.0,47.95362006699161
47.0,44.97814754837618
76.0,76.34359170448893
79.0,80.3622151090338
79.0,80.21794323847018
74.0,74.8428402799143
69.0,64.88097427557308
93.0,90.59140739138155
72.0,68.0823107348175
64.0,64.63318708310338
73.0,75.1188270683134
68.0,73.74027573885805
73.0,77.68102213079891
39.0,40.58408470137149
72.0,70.70732317652516
57.0,58.04371694739038
74.0,70.97557220813279
88.0,81.32403367220267
70.0,72.74660407477758
89.0,89.72356789734863
74.0,75.60258410287655
86.0,85.31547668461968
74.0,72.04169660622175
62.0,61.641712244453885
39.0,36.19254103665248
35.0,36.08142970385836
17.0,19.860623127937743
83.0,82.51526176728784
80.0,82.72120760815694
36.0,37.48252551737698
31.0,32.286737082875256
68.0,70.16624717971071
38.0,37.813374077322216
70.0,73.34414195861548
61.0,62.26466063494696
93.0,88.55630876958236
88.0,87.61182984524004
95.0,91.05302380149429
68.0,70.90374191167993
40.0,39.700769314440215
66.0,66.75395780529983
42.0,43.64903275554986
47.0,45.81874262644292
76.0,75.40738825843223
64.0,62.842433710687146
58.0,62.952094648593196
66.0,66.00917994202223
52.0,50.154749179568
58.0,61.255142748129934
35.0,37.120195002458885
26.0,27.648493463655093
81.0,81.58074342868991
69.0,65.13584955401066
27.0,26.875810498981583
20.0,21.295592088060182
23.0,24.107442340796567
33.0,33.512306470575325
78.0,73.0788351623211
95.0,90.37749318110721
80.0,76.57790899420488
67.0,65.46858508026409
89.0,86.10264982290738
82.0,86.06253302264773
65.0,61.07892827543474
86.0,84.004443722965
28.0,29.82635673100413
38.0,37.54101743516897
55.0,53.07818095617966
18.0,20.104964471307476
73.0,73.08701154082486
49.0,48.78629167713142
80.0,79.87991182650013
72.0,77.00542276670598
40.0,38.674173733676824
51.0,48.8595569861585
21.0,25.04429192627622
39.0,36.0682503061565
22.0,25.61937376474583
26.0,26.40045238194427
27.0,26.31004925179271
49.0,52.30380837665098
24.0,24.66923114535488
23.0,23.501935873842076
52.0,54.06936406468764
39.0,35.805411635139436
79.0,77.1864162562096
85.0,87.98976545940286
47.0,49.77292118356704
49.0,50.52419033005217
59.0,61.82695719470367
53.0,49.817323116987275
68.0,66.141061290199
73.0,72.04169660622175
58.0,51.72399501548077
67.0,64.40200386730196
52.0,51.62214984556426
66.0,73.15463127264564
67.0,67.36820494658689
20.0,24.344733343390168
88.0,89.3923850927361
57.0,56.538214302281595
36.0,40.50034536031342
39.0,40.99719710207075
17.0,18.5276491416198
43.0,43.64076723681913
12.0,16.615186016709124
43.0,38.88863470204091
47.0,48.3282826383311
63.0,56.42552278301202
40.0,44.056051572264046
37.0,35.714685341674794
67.0,68.63608316327135
20.0,18.02465696597827
29.0,27.641491560027966
40.0,40.208853285006164
46.0,43.47730884619019
79.0,79.63900556581602
45.0,44.605018400741905
70.0,70.269552937367
20.0,21.245634834552195
35.0,32.177994010438866
36.0,37.14939175978343
50.0,52.42094552154527
19.0,23.534676824710424
74.0,76.228700091213
30.0,33.17912159052711
67.0,69.39290593919772
34.0,31.86794829387
42.0,42.048999747876806
76.0,82.7474129949693
71.0,71.92097492863635
17.0,18.41496184372956
53.0,54.735091773673105
57.0,53.260876962120356
49.0,47.397121594536365
66.0,66.44425041376672
52.0,50.42044338283219
60.0,56.848184309804594
85.0,80.44547347876569
39.0,36.58382809923753
43.0,40.414819275016555
76.0,77.98181862184083
57.0,54.774160186933926
52.0,56.40436213297354
38.0,41.642946192781274
43.0,40.422392795750554
57.0,57.96512864328403
29.0,34.45355631689239
58.0,56.545397049526834
54.0,48.81501041750249
75.0,77.13335586624366
48.0,50.17473810406624
36.0,34.98693740077806
64.0,64.26912511624066
64.0,66.34701124434996
78.0,79.6810862643697
73.0,73.73226293208045
93.0,91.05302380149429
39.0,39.46177154489845
72.0,72.54890458730515
33.0,32.79353818906592
21.0,23.04054480502215
48.0,44.97006618326904
81.0,78.90683568458299
35.0,38.105305628702794
68.0,63.446846112965154
75.0,76.04730124819412
46.0,42.89550427333091
88.0,89.64741696320009
38.0,40.937031698379705
28.0,32.41681274597446
72.0,75.13043721364438
37.0,36.41436855707945
89.0,86.82055245363367
57.0,58.73152466320879
26.0,28.598756502858475
22.0,22.709631696170863
30.0,28.867116736653838
20.0,21.83134192589474
70.0,67.58464956271261
11.0,16.586621440918925
19.0,24.199389387978513
20.0,20.1750235243696
43.0,44.481397402862775
47.0,46.496043352647234
46.0,46.06368648173283
78.0,80.36203946229978
26.0,26.486157333877788
25.0,21.886783936164434
47.0,47.546627096349965
28.0,24.711327065598827
41.0,41.26708238753714
59.0,59.363388384797595
72.0,71.07793153819975
82.0,80.50499271311854
63.0,64.98336173324984
35.0,33.587448510521995
82.0,84.51308891912808
82.0,78.31927020418198
65.0,66.44951817704346
63.0,67.54898364491574
17.0,18.633505249567826
62.0,63.52700611904523
39.0,37.44283119191319
40.0,36.26245497043162
61.0,63.229038029449626
45.0,46.750999107717504
74.0,71.86134749933306
70.0,74.3179906420414
72.0,69.67183210853668
57.0,59.938279823783546
46.0,43.90477017843846
43.0,41.82609519751675
75.0,74.77948568663152
38.0,38.06228287427047
60.0,61.886855093070444
67.0,62.83196789241775
74.0,75.7135708963485
78.0,73.72644936716772
81.0,82.59113426905334
67.0,65.86380905704169
66.0,67.2358888925674
57.0,54.04696143977639
62.0,61.99524137689681
38.0,36.1328664594559
55.0,58.39117422121367
48.0,45.39897760016532
32.0,37.01261695665278
11.0,16.674218721443008
76.0,70.87796906844275
41.0,39.325523813064564
19.0,23.723574102917947
53.0,45.88681745181455
79.0,76.34142463922294
19.0,22.19680204310052
62.0,64.13932790751375
71.0,73.80399985839097
44.0,41.53616231380696
73.0,71.13490706682438
59.0,55.35935136878422
58.0,57.86821799144483
41.0,42.14424376759242
87.0,82.62850810051164
46.0,41.80904043806548
34.0,35.397918861246886
58.0,56.9744991627275
49.0,49.93339138811075
26.0,26.960568198004143
37.0,41.57640792469969
71.0,69.767186204484
50.0,47.10581558123194
62.0,59.83229506662202
52.0,57.5604731165649
51.0,47.655127076803794
65.0,68.93232029127914
69.0,71.94541390863229
69.0,68.7415340130869
31.0,33.73403324908711
40.0,40.542488981103496
36.0,36.82373742324251
74.0,75.30709846972597
78.0,76.73224311255963
68.0,69.41522136456136
69.0,67.50498846805192
37.0,35.99630600935922
76.0,73.18107027315044
21.0,20.999207606611627
48.0,49.33518175335095
50.0,47.09838761049593
47.0,47.168146242114815
24.0,26.97733438543706
30.0,30.67557156530201
63.0,63.24830496802526
78.0,76.01295647546857
56.0,52.765875412899526
36.0,38.64992705039798
20.0,23.534676824710424
41.0,43.30677781869462
43.0,47.61495331433655
35.0,34.0938463599724
55.0,54.1682351165854
86.0,81.20391771597805
46.0,44.46135037560413
59.0,54.469709841261725
86.0,84.88613832556503
12.0,18.460387871297502
59.0,59.264422672774806
27.0,29.052597752196764
52.0,51.57985513952864
25.0,30.28243222723258
61.0,61.00118101696093
45.0,46.110467577878374
73.0,73.88496100163226
52.0,48.32965788448815
49.0,51.52733210260014
82.0,83.17988355711476
87.0,80.75013116593142
97.0,91.73539133303947
34.0,36.636743647107224
56.0,58.662634855482935
58.0,55.513092085058865
56.0,58.52330151843072
63.0,62.70909897872389
80.0,79.60364344764524
74.0,75.92724980216735
44.0,42.12345967027632
63.0,65.7055836126149
63.0,62.43075285356506
49.0,47.02830984871902
68.0,66.66917005882412
58.0,59.07255061008223
80.0,74.56395339851171
59.0,59.94303137953171
43.0,43.51711223625202
75.0,74.83497430908182
22.0,24.751496437481812
37.0,37.1307160539884
63.0,64.07004611675964
73.0,72.08032164015414
43.0,45.14400501998738
46.0,48.51252065106046
54.0,56.957138790357476
51.0,52.240423556483115
78.0,78.86435366106497
62.0,56.86859664638281
45.0,46.85447387338113
68.0,68.80943810845898
64.0,64.59165966883752
37.0,38.423819336947226
53.0,53.110249515044714
70.0,70.65858083968955
24.0,31.150159922358053
55.0,62.07356635358787
66.0,73.25743902554936
72.0,68.22053958556731
37.0,33.88633347749551
83.0,84.09409973933248
43.0,45.10920923744594
74.0,79.26727472780101
64.0,61.496843155165934
41.0,41.61110636159089
88.0,85.2820830427416
23.0,27.381221805640326
31.0,33.38648730624723
55.0,52.258396896405046
53.0,50.770955902539406
39.0,36.42261892678661
37.0,39.130001152797696
57.0,54.4651133001152
80.0,81.97148144715095
73.0,73.67946574890146
66.0,65.7666052591506
83.0,81.54063644955895
55.0,55.1599523940686
53.0,52.77509762135742
72.0,74.68551383351236
57.0,59.62603039710391
58.0,59.902484151706865
79.0,77.8749236872451
80.0,78.81000253363953
37.0,40.0032952787056
24.0,25.30295252440359
40.0,39.90576312376485
68.0,66.9205044990667
71.0,69.67183210853668
58.0,57.10447246174198
70.0,70.52204025815159
28.0,25.927796228507273
18.0,21.588778379335402
65.0,64.83079445828368
49.0,45.94265382106491
79.0,78.23529728184924
72.0,70.42905677974126
38.0,39.7930329870579
89.0,88.12418966956717
61.0,56.47313644031829
80.0,83.60753469505187
54.0,54.49234846069552
39.0,36.90929621446099
41.0,41.68134017861774
54.0,48.43832412728299
41.0,42.58783855333206
30.0,32.680163795927626
74.0,77.09215706390135
74.0,71.73967931002355
36.0,35.63551841872924
40.0,37.98933227737681
32.0,29.500080757127584
45.0,47.11163449490674
59.0,54.60796279040476
48.0,50.09795540375888
33.0,28.589156666191688
54.0,54.91923235861704
75.0,70.54376997877314
65.0,70.70165185956911
60.0,60.44584803359036
30.0,29.06668979452113
65.0,64.55809052332454
45.0,39.478142481151686
52.0,49.41623947170151
55.0,53.821203366242756
38.0,33.11609869864379
56.0,53.10664293863498
34.0,32.05863312238284
56.0,57.083221272064506
66.0,68.30754397910026
89.0,83.23457887785703
88.0,85.7278909666976
83.0,81.09231576580939
45.0,46.23541783841139
35.0,35.71137554427016
52.0,54.58273499570449
42.0,37.141358331448174
13.0,17.139317251026164
58.0,53.59864320920576
23.0,26.851151901153685
64.0,63.89419948236047
45.0,43.12537443424936
15.0,18.086189149410842
61.0,59.533853051182476
40.0,43.03154231012483
19.0,23.49914892430322
92.0,89.33717325352875
61.0,61.99491506246047
40.0,42.657915767558414
76.0,76.61550692658177
81.0,80.2417431179895
90.0,87.72936450226847
86.0,85.08352946808385
37.0,36.55395717306789
93.0,92.30329544735567
39.0,40.52659078590097
34.0,36.699080960792486
85.0,87.07409014502224
76.0,74.50447027721658
18.0,17.82273482803847
81.0,78.8011291344279
26.0,28.67795492159957
61.0,64.49616976109104
62.0,60.934070557365104
39.0,42.237181719310016
70.0,72.98762117231806
70.0,67.4379950837639
75.0,73.08781046397662
38.0,37.218807251716285
36.0,36.754850398946466
28.0,25.984931849137308
66.0,65.81600139091012
54.0,52.932749604018966
25.0,26.886127983059733
59.0,61.923278634762916
42.0,43.09781270359405
37.0,39.9284443473298
72.0,69.2729525467602
55.0,51.29749616828414
47.0,44.68252651254002
21.0,23.817281943374972
35.0,40.025290827073285
33.0,35.57576203887979
35.0,34.605437822499894
66.0,69.5048046021121
51.0,47.782232600777405
55.0,52.03000256111446
45.0,42.84263215029945
51.0,47.308866555615296
50.0,50.75785036605245
29.0,27.41569963387185
27.0,28.980559950413706
67.0,61.96627804665895
79.0,81.98100192659822
46.0,45.43229148021515
12.0,18.34432985809516
84.0,86.06253302264773
49.0,47.15686385986523
46.0,51.08484917850134
70.0,73.44524800871969
37.0,36.26792036987872
64.0,66.7324848590009
70.0,72.94581366145196
37.0,35.351911647579385
42.0,39.859120167852964
54.0,50.13046810304442
37.0,41.604695941244735
28.0,29.290457329625543
72.0,71.92648141721482
44.0,42.29275156169472
67.0,65.73610396333625
60.0,61.324398352114365
61.0,65.93843823184879
73.0,71.8407919405698
40.0,42.229003970446456
76.0,77.49132147674094
45.0,43.98880398757699
45.0,41.66251888973155
72.0,70.21472609079852
64.0,64.18725736057041
42.0,42.46873711371199
74.0,77.36619038313115
20.0,23.26281551330334
72.0,71.11224961838248
35.0,33.2837042208508
52.0,47.28061014637086
70.0,72.97166715564117
29.0,30.88949883495831
48.0,48.127156415380085
55.0,56.25544913315987
52.0,54.598114107955745
34.0,31.687404831702256
89.0,86.00580791747784
45.0,46.70894624507979
89.0,83.66555697058008
41.0,42.05777466469731
43.0,33.655005979086546
31.0,27.96722440332253
62.0,59.695588994944174
48.0,46.77295636853927
76.0,74.41828892025639
70.0,71.5718250405271
56.0,53.519606904432266
53.0,54.20125866773914
35.0,35.95237644236854
55.0,52.64621956657731
82.0,80.0120681040475
44.0,46.07411939468605
61.0,57.11806478182747
69.0,70.8243311888587
75.0,77.43141423930582
69.0,69.23807693437563
76.0,77.18639189803106
36.0,34.568023156127154
44.0,43.69355111116624
79.0,75.7091681675868
18.0,22.142296844191307
40.0,41.65546538118865
64.0,63.008823025692124
57.0,59.623016490587275
73.0,74.96073568430737
86.0,84.14882955548246
33.0,34.13138624613783
40.0,38.0117731731537
86.0,82.91005023852165
40.0,38.95141159289295
32.0,34.41298012505726
68.0,66.75043196983412
50.0,53.43221947831753
50.0,44.68665953819887
51.0,50.23467868550839
32.0,36.70979244659736
64.0,62.79815048726868
52.0,50.83304330187691
64.0,66.1308313644379
24.0,25.98678568998031
75.0,73.04722415328023
93.0,87.77543147868678
76.0,75.9673487601021
66.0,66.91370611089309
87.0,85.57658486975326
56.0,55.853848010424464
23.0,25.809257804134702
69.0,73.55183719624765
75.0,73.6604078557343
91.0,89.58186279694793
49.0,50.58178233105824
70.0,67.32483661802559
50.0,54.21246248437131
36.0,34.49420488382119
40.0,39.346393458885686
25.0,28.78423492593332
71.0,72.29086939745856
64.0,57.83190269749372
30.0,31.749876620701414
37.0,37.91495822776077
74.0,74.27098627440002
86.0,85.25924428495766
86.0,82.6321984312404
59.0,60.00161182826206
86.0,83.57228529059927
32.0,37.18484817775727
95.0,89.59352141507001
46.0,48.31834365998582
95.0,89.62361856707024
42.0,42.07168036369116
57.0,59.88193795554149
50.0,47.655127076803794
78.0,80.4614124694966
84.0,77.31390797461238
54.0,53.390614777240685
34.0,34.19834266901404
77.0,78.39886570896799
79.0,81.03407712436363
49.0,50.74997707827139
86.0,86.87514733437231
42.0,43.95889626818205
49.0,46.12812293375932
36.0,36.08146098121498
42.0,40.6966245485726
44.0,40.87579830767046
56.0,56.91145414036634
67.0,69.88184713089301
72.0,73.86413511051732
34.0,32.636627329396156
56.0,50.33255557815138
32.0,34.260182658820646
74.0,75.5330408814454
52.0,56.47785752811195
89.0,87.4960076328109
72.0,73.67473450670099
76.0,74.17614315083486
61.0,58.76448060172906
54.0,55.65773956931215
87.0,83.43540919338335
50.0,52.74027919751007
49.0,53.467957328056656
58.0,55.68667816449347
36.0,35.34051116032524
31.0,33.715744651789656
58.0,54.50870600673428
36.0,31.307558692571984
53.0,47.522842347748295
53.0,49.841074048615326
46.0,45.67380370444995
50.0,51.308163198197995
80.0,82.39920999275841
68.0,67.0970046272326
76.0,69.38134043978106
48.0,47.285649052411536
50.0,47.948290963505016
52.0,48.69853532292157
44.0,44.77126135484854
37.0,34.86367879615392
48.0,44.23466291570189
36.0,35.15847381837166
55.0,49.95171540419185
69.0,69.68533065255058
25.0,26.349166877921512
57.0,56.945204884880624
93.0,89.07656890680981
86.0,85.0351073275143
82.0,78.71257913595676
52.0,56.38327017467687
67.0,68.17843177183639
50.0,47.95089911233402
49.0,48.99648208881123
61.0,60.131480102358005
46.0,47.669327949983916
61.0,62.537834164116866
52.0,51.24696563558937
21.0,21.295549345222643
44.0,44.164926351954094
26.0,25.66938788811583
26.0,24.620539733480044
59.0,54.45801120683234
47.0,45.4119070069455
84.0,85.20793712312454
38.0,38.974334468561075
73.0,74.30870752022112
90.0,86.21970219174445
72.0,75.21255325680174
44.0,44.456974487165745
63.0,58.18882962575406
87.0,84.27608605709257
57.0,57.580682608506415
41.0,41.39454316758756
71.0,73.05945093262451
44.0,47.450533684064666
58.0,54.0138770818699
92.0,87.8521959979494
47.0,51.521432665463365
45.0,39.062911947806526
77.0,75.99720296631942
50.0,49.54309262727966
44.0,43.67995430287349
60.0,64.6430386986465
56.0,59.98487666753507
47.0,43.91359460431569
84.0,81.57420848498715
90.0,89.12530638475168
42.0,40.43690163020075
74.0,75.79441318012012
56.0,60.54791560008231
57.0,57.622106239846765
46.0,47.61224638582626
77.0,77.89740684431925
47.0,43.555848281170775
36.0,35.64112275087956
59.0,59.894453808067944
67.0,70.62308102717087
24.0,23.040871539820333
52.0,50.99732044216817
90.0,91.32031618788685
48.0,43.237495956254094
93.0,91.2637417565968
57.0,51.129156091270474
51.0,50.56554880912532
63.0,62.016891811127955
37.0,41.51900945902869
67.0,66.714993076925
88.0,83.23457887785703
81.0,80.77955456472976
35.0,33.88232951272782
15.0,16.438099768535594
79.0,82.92199664325285
20.0,20.259799099119043
39.0,39.49171718017991
26.0,28.379276468845383
92.0,90.74966279023289
54.0,54.07822965432758
49.0,49.74241554020627
33.0,28.677174213453398
37.0,36.53414620988156
26.0,29.109168455432926
71.0,69.32529307489992
44.0,45.048359603162254
31.0,34.10444083653376
35.0,38.59684115328822
31.0,30.79150024273637
48.0,49.59589902989619
43.0,42.038932438399094
45.0,46.130400611780466
29.0,29.019586322649246
37.0,42.587930559471445
48.0,44.9240787225189
18.0,19.85704616423541
74.0,69.46195852610474
85.0,84.45299855664186
36.0,35.56149759007041
36.0,38.51671824669351
86.0,84.67908785313911
64.0,68.71695350302427
24.0,24.074416204193348
44.0,45.739553719280785
39.0,37.06906137170352
56.0,57.86688740656416
76.0,78.00551162537344
46.0,44.794566325302505
22.0,21.594567537057216
55.0,56.19768067152275
37.0,37.34764708723549
46.0,50.39142913789551
35.0,32.6654262045602
63.0,60.900901386630714
36.0,37.40109571776866
55.0,51.921826889895065
70.0,70.33899278101883
83.0,83.66977876843309
64.0,61.31094000263095
42.0,44.63929539299817
69.0,69.33979872010124
68.0,65.62559658868017
18.0,19.335532790254017
56.0,51.771562905129414
69.0,71.4881048985907
34.0,33.40834567264488
44.0,46.74619645397222
30.0,29.070120901803275
36.0,39.121057406437494
55.0,55.912812125306175
90.0,89.02771681068947
34.0,35.77533455267207
28.0,27.74662929253015
31.0,34.522787727012826
34.0,34.499207034098944
59.0,59.03139510198268
82.0,83.63386938760877
61.0,66.54694679323187
46.0,41.4850640384855
62.0,57.77168254640368
76.0,73.77011213117923
20.0,19.184371572649805
50.0,51.33456945728663
35.0,36.71626760922745
55.0,57.68296511843525
66.0,64.1713915137347
57.0,61.5263645532767
67.0,66.14769058741705
47.0,46.397058500279755
71.0,71.70271628170849
25.0,29.102505878313906
59.0,57.54356171350109
78.0,78.43681756219932
76.0,78.85967183647433
64.0,65.27481620844354
38.0,37.54101743516897
53.0,55.28808655050464
83.0,83.67605678695465
36.0,35.783953475474526
75.0,69.30232680984483
67.0,67.69936595454291
34.0,32.22275751413063
30.0,31.822645054841274
92.0,88.92978652919203
54.0,56.54535041252951
97.0,92.00358532268253
55.0,55.7845670144936
72.0,80.31074433651034
74.0,67.54613834441516
78.0,74.32095977452195
24.0,19.214377556982647
45.0,42.54591592898951
38.0,38.1376962518043
53.0,59.73589115766833
79.0,75.96629382648757
65.0,70.03588171416398
72.0,72.14203852256095
56.0,60.012269583309646
42.0,40.99545435319806
44.0,40.76754143401994
63.0,59.01215878035459
64.0,65.7556145764184
28.0,29.60264823812346
36.0,36.99400356453405
65.0,63.39811087752502
51.0,57.36217153327762
51.0,50.543469299409836
60.0,58.784395920732436
74.0,75.71853047083685
46.0,46.26625513450286
67.0,67.82951189556935
72.0,71.90754841326107
55.0,60.382073905687115
54.0,50.34945444702421
45.0,43.71719060434217
31.0,33.62202033652087
52.0,55.41942554952416
56.0,49.54309262727966
46.0,47.77032716698702
50.0,44.97814754837618
52.0,51.12442910496544
70.0,70.70182554428456
53.0,56.729025488345734
53.0,52.07825953489562
31.0,30.65067974954389
28.0,28.996953895394974
75.0,73.96130430651617
53.0,52.09410756483491
33.0,33.23898373664158
73.0,70.89672688121262
63.0,62.461232951999854
59.0,58.29747772255095
37.0,34.358744165245604
59.0,60.97876080277023
70.0,75.3925272149806
46.0,50.003402270314986
62.0,64.16130361049785
42.0,34.742825502923154
50.0,46.76744946491087
58.0,60.42177194084175
86.0,83.41158165116916
41.0,38.89520568229914
84.0,77.64399411022046
70.0,71.45708576362124
77.0,75.14094271369179
52.0,57.87364346012374
77.0,76.82431962011596
34.0,31.945253216943538
35.0,34.14229908450891
40.0,39.70859493363966
33.0,33.52825982042309
43.0,43.25211410400206
29.0,34.82702784214848
43.0,42.99618701853734
61.0,63.34579477632021
60.0,56.79202272255416
83.0,82.00425256086426
75.0,71.4315635213012
20.0,25.713843311798392
27.0,29.4140250844937
82.0,83.86225055378891
41.0,40.57076249032888
63.0,61.143810806806414
70.0,68.70829130333057
65.0,65.82676091387559
90.0,87.62298039569495
75.0,74.23512600890413
56.0,53.554413023285285
62.0,60.27821393544957
81.0,80.9207811750002
93.0,95.72768363353154
23.0,32.53675008805764
65.0,66.18590079903178
43.0,40.62547322840193
70.0,67.69768591238886
54.0,54.21246248437131
59.0,57.24494992446619
65.0,64.33813457111235
84.0,81.6649786789335
69.0,67.74579098676004
59.0,54.44070873667531
65.0,66.44210659922074
42.0,40.39546334902212
72.0,76.80682507090528
30.0,30.50853466857976
39.0,38.535707295675806
63.0,64.46834623345093
88.0,87.23753698517004
38.0,38.822619201560514
61.0,58.59557364947153
62.0,59.86221195837636
50.0,55.15649993134596
87.0,86.1371124692687
82.0,83.78181517602039
50.0,52.797753892920326
43.0,42.24080431001187
55.0,56.000572125782575
97.0,88.60346110686683
93.0,89.92855227602709
73.0,71.6074985129035
45.0,44.04882012335148
64.0,66.22563126914149
40.0,39.42865892102687
43.0,44.835554099950514
19.0,22.612269062028222
68.0,65.9465400744041
71.0,70.87240015648551
16.0,19.20911264245789
94.0,87.37360571610425
74.0,71.51409961304451
90.0,88.53364015114022
46.0,47.2321206228252
68.0,70.79984700055103
29.0,32.3013458390476
53.0,56.419905802633416
39.0,40.65410856708716
56.0,57.78423318544598
69.0,74.67374098016822
46.0,43.33548221216197
89.0,87.88358091740763
30.0,32.2037680166943
27.0,29.040846064126995
20.0,22.9115022651293
43.0,42.13782128403087
38.0,41.398757164045485
78.0,78.2819147360155
85.0,83.00482357694456
65.0,64.83079445828368
50.0,49.07841300624984
52.0,53.46372464563492
61.0,62.22794255294247
60.0,60.66573750072453
38.0,36.950045868472166
46.0,55.0387268047467
41.0,38.74308432027784
39.0,36.36488756001378
38.0,35.79059313217681
39.0,37.777570344855654
63.0,63.136414405468784
82.0,84.03497844979577
25.0,27.288109230925183
73.0,70.88637208456193
52.0,50.338405527786996
25.0,24.044270516706014
72.0,74.33863157783478
68.0,63.20366824362298
37.0,39.220655662323644
27.0,23.373165215955826
70.0,72.89245304055346
64.0,63.68766197282449
22.0,25.035595639572783
48.0,48.27497245618135
30.0,23.69267736230939
19.0,18.908675237923664
41.0,41.125195557710896
47.0,49.71785909474324
60.0,64.76541340892771
28.0,29.174512396997233
64.0,63.81252619172168
61.0,63.63406623068315
67.0,64.40593963486111
65.0,66.02998118344438
84.0,82.98290225455541
53.0,54.163988138702166
68.0,68.41374346692189
38.0,41.53165593972476
69.0,65.15976942361519
89.0,87.55355618330638
78.0,82.61154333254628
51.0,52.37611591398392
57.0,59.11086120956297
57.0,55.629778948990435
44.0,48.68812573968195
28.0,30.479944313228906
21.0,23.877272852582195
23.0,27.27406960760592
62.0,62.989262521464575
24.0,26.3095090529937
60.0,63.231945180788586
71.0,72.82955957265844
53.0,60.21624144789224
25.0,28.74381034350099
74.0,75.35047948808902
28.0,30.56510452049956
24.0,21.5980499311535
58.0,55.98684702334829
74.0,75.8676198631878
69.0,73.62240921500833
79.0,80.45205994773949
71.0,68.81780396825893
79.0,79.3215741570614
68.0,69.06265915093618
51.0,48.91170665461833
50.0,51.97647350385248
66.0,66.36966849871541
59.0,62.87918522901507
61.0,62.19549166632294
57.0,60.66193924265799
81.0,79.64650425324874
79.0,78.81515766259885
77.0,74.09977995822648
76.0,77.1268687856221
85.0,87.83199687518274
83.0,78.58706916513191
46.0,43.61401082934197
34.0,34.768387435711325
43.0,40.559857268569864
60.0,60.8588576774555
58.0,55.73739625840532
38.0,40.428827942723345
53.0,56.54535041252951
51.0,53.35366062412135
44.0,39.38759387635676
72.0,70.83684997361257
68.0,68.1535529375005
71.0,72.28141033775239
31.0,30.152135099064147
82.0,83.5665892907841
42.0,41.130184987458065
73.0,76.10839266325235
67.0,67.82157910783602
56.0,57.97320418366047
30.0,31.628488573323654
45.0,42.31686122757712
43.0,43.313312977688966
38.0,38.52388920683977
72.0,71.08837923025693
84.0,85.41655457658281
61.0,61.21093070304174
43.0,42.547077364850175
63.0,62.95076067926572
68.0,69.06662815513111
76.0,78.41844331757972
48.0,46.0329336446625
45.0,42.99618701853734
34.0,32.1462646475938
70.0,73.082145740895
31.0,30.26405898170826
64.0,69.25679292272696
37.0,33.028174634609755
43.0,42.83549466666424
61.0,57.75892198784406
18.0,18.860517649491054
74.0,74.17457531328166
67.0,67.86890383009126
50.0,47.65051456441211
59.0,58.198346918603626
69.0,69.99873106035531
86.0,80.91935138758043
43.0,45.101335353730576
70.0,75.4216525537188
87.0,84.26278212058101
38.0,41.061751185511085
61.0,61.329833493847964
78.0,79.00265420280874
29.0,28.76310969900699
42.0,39.108139566026544
85.0,83.90856745342268
72.0,72.74558346828535
52.0,50.42869254327852
60.0,56.185028814051385
40.0,35.966266200347434
40.0,42.30196205587283
62.0,66.41602435850922
61.0,61.68095124694892
80.0,78.04836092426731
78.0,77.8637266643139
79.0,77.77716465668075
67.0,65.64619406155796
50.0,45.924692916278765
75.0,73.9323351811882
74.0,73.5577536879913
72.0,73.0445880911982
53.0,48.1677088845248
60.0,52.00592501266517
72.0,71.87458927226811
65.0,66.01066041019848
41.0,39.04539619932355
51.0,50.70698296560697
42.0,40.74325869416745
23.0,23.54460459254721
68.0,70.4937690857668
34.0,34.87886932174347
87.0,88.78984072466909
45.0,44.91995504875055
65.0,66.31820404065839
36.0,37.206640798400294
66.0,65.55567672326619
72.0,73.792349137226
31.0,31.4072124711699
55.0,51.58097088633138
28.0,28.13982413369881
43.0,42.378124428413834
77.0,77.04910407101968
80.0,79.84500771597808
52.0,45.88681745181455
78.0,77.0508302976602
45.0,49.345340018507244
56.0,53.025235486037076
53.0,49.86326826025198
45.0,42.04536561371952
49.0,46.96997981009113
43.0,42.99249020619523
73.0,70.43307068017856
42.0,37.68909749375544
85.0,82.60879096718416
35.0,38.88063595295963
35.0,31.831855004438882
40.0,40.26498852836705
77.0,74.91476963489504
53.0,55.855781639778115
24.0,24.335701547110517
57.0,53.391475207327176
47.0,45.26824922729122
58.0,55.20924100190494
88.0,84.34104438871262
75.0,72.99082721549185
30.0,26.12280425235327
82.0,76.85624509336604
19.0,22.982223040874484
44.0,38.67562458726316
68.0,72.15806433194318
50.0,48.80849102699005
65.0,65.15940762470754
43.0,39.54484675357675
63.0,61.64820481310678
50.0,54.92055332563079
42.0,39.66947347039415
45.0,41.9761081614063
74.0,72.07142363779373
80.0,80.0301390610041
38.0,36.17359017388466
42.0,43.96694241965263
77.0,81.25018752021454
76.0,75.82578122038055
71.0,69.44700815520653
86.0,85.49254339962881
74.0,71.26417800733945
23.0,23.693039119535847
49.0,50.491683347473106
83.0,82.08254596486302
41.0,37.39923026697243
45.0,48.59620881663435
63.0,61.63442173493965
82.0,81.1243011792883
21.0,19.695194270498792
77.0,76.77511379619867
90.0,90.35530137795259
42.0,40.32643879167457
50.0,49.06401580249221
41.0,45.89042252663
60.0,60.53690781450416
71.0,71.25548179081458
63.0,58.099290336337916
45.0,40.07019653799911
67.0,63.28737646120747
51.0,48.345053044094804
54.0,60.921350576542835
32.0,31.78371159880379
43.0,44.164749743153216
18.0,24.059457441059674
62.0,64.57938044326245
42.0,43.87848868084038
39.0,39.60120268708387
51.0,50.22382588337126
83.0,80.35626964377309
35.0,37.16722220279674
37.0,35.79394869525572
58.0,55.917579943436294
57.0,57.621420098303304
62.0,64.23344580115068
57.0,58.331376446123784
47.0,48.358565643805726
38.0,38.15021647701015
62.0,58.97010775446589
53.0,58.77784753795877
41.0,42.01988366008047
44.0,44.85533994235536
37.0,42.46102299553678
36.0,35.78705179777493
63.0,64.54694354255093
82.0,80.29575424807184
84.0,82.46587575430836
54.0,51.78580679337111
80.0,73.40090754045076
54.0,51.60722632100916
59.0,62.86347232311979
51.0,49.69344006082532
45.0,45.75427312198911
65.0,66.91126042112604
64.0,65.37954298558782
59.0,56.82533814962363
41.0,41.7107774465547
55.0,55.65278413661342
12.0,17.596850250187813
70.0,72.35151943358711
69.0,67.55229622253958
47.0,46.87331301649095
56.0,53.74569844117005
69.0,72.43093716491018
81.0,85.69343000778848
24.0,29.68464680712644
63.0,63.70071379325781
68.0,68.12350402755784
70.0,74.62378431009336
49.0,51.16998951639761
42.0,36.80837723948031
40.0,42.96927641640403
72.0,74.62210624069698
28.0,28.14010933718391
54.0,51.6307072186015
48.0,47.94738953279072
42.0,41.603876988198344
48.0,49.54717326198499
41.0,43.33249154623096
38.0,34.41895972557945
93.0,91.08274090020676
33.0,32.361332896340755
66.0,68.99116039306817
50.0,50.533999129849576
62.0,63.043610826794335
73.0,70.91812048868319
61.0,64.41917780693758
29.0,25.249431991767437
33.0,34.23382186532662
88.0,85.93716101781958
56.0,53.27875743695217
47.0,51.76681404342397
73.0,73.07083071786764
32.0,33.71162922246586
54.0,57.63533304809036
78.0,76.67449962741225
23.0,26.539915100004716
71.0,71.34416866257872
41.0,41.27340982854968
77.0,79.97812542762762
86.0,79.12788446944076
80.0,76.20416978159055
96.0,92.1558161405497
25.0,31.216835395497867
70.0,74.726169999674
90.0,87.61632011290071
66.0,63.69210117121636
27.0,25.350203542107376
69.0,67.18091287039671
49.0,48.29219657027843
37.0,36.32519608769136
40.0,41.47443762379047
41.0,42.37102647729405
77.0,72.43678090927354
31.0,32.42969415403127
88.0,88.92978652919203
41.0,44.0165321098527
76.0,77.20398873953411
75.0,79.17104237325027
81.0,80.38556369145807
46.0,40.86831602296772
37.0,37.514160520006534
82.0,83.88039525052046
73.0,70.27082279995525
52.0,55.579916547532875
36.0,38.05865302952495
41.0,47.339247818751616
48.0,46.71765836254244
64.0,60.3803215829892
30.0,32.54783415559778
72.0,71.72069757090212
46.0,48.025798138780544
82.0,80.13631962186484
36.0,37.64880030511671
46.0,45.9710083700991
44.0,41.6701762446614
23.0,23.458697809995083
71.0,68.48325931100239
63.0,61.272650371816276
31.0,30.73505628436094
52.0,53.80829628903517
47.0,46.106934664867154
59.0,59.00933958527197
97.0,86.90851827861056
63.0,66.49935547323419
53.0,51.31129830024561
51.0,51.318072736287554
74.0,74.41787511318162
40.0,42.87288183298884
90.0,87.72460920259921
59.0,61.080362704069294
76.0,80.59187946304124
34.0,38.374383588299416
51.0,55.81182360444093
47.0,44.61176403912928
40.0,42.225332329995595
67.0,71.55776352353706
64.0,65.91548935239958
54.0,48.932146198533
69.0,71.30160736677445
75.0,74.72863052919243
86.0,84.7437203268677
78.0,74.736821398162
47.0,45.808032714419845
16.0,17.14066465110543
84.0,85.16550204996922
12.0,18.34432985809516
81.0,82.6921326089048
54.0,56.325138962230646
79.0,79.56632314891759
57.0,60.790180706839536
38.0,34.170470710438444
19.0,20.592178822991944
32.0,34.3320587519065
52.0,51.25885604629745
30.0,31.082111238321428
36.0,31.903565544093468
59.0,61.29592972190566
25.0,24.84277220396758
50.0,44.111498867998684
60.0,57.0876864668679
77.0,79.78714933011456
40.0,35.985360111263056
47.0,40.711577719204946
48.0,47.88538526779606
78.0,75.55362648237934
26.0,26.802537837705167
68.0,67.85814564963906
25.0,25.112277367984724
18.0,23.427887597036367
58.0,61.37236768547404
54.0,47.184180203241176
69.0,66.23039197250657
61.0,57.27337269235037
30.0,26.75937306589355
41.0,44.19340993550328
78.0,80.72231655372407
45.0,44.45117406426792
32.0,32.74573995457645
60.0,60.05733777480465
24.0,21.87059859217305
34.0,35.542809414354664
62.0,67.17887351036977
63.0,64.92118003726236
34.0,36.16219363683938
69.0,68.7415340130869
77.0,75.33775234985991
44.0,45.765919085047734
29.0,26.99762448098245
60.0,62.20062907729408
30.0,29.492125949460167
75.0,74.40851926550272
45.0,41.90072438652904
46.0,39.46629486777235
73.0,73.6037402441506
44.0,44.71607719964016
34.0,31.40831853335283
23.0,23.227390578944252
32.0,36.45702471831926
75.0,79.26567275496447
74.0,73.46913386668442
48.0,48.575832842313424
21.0,22.33591201734871
46.0,47.31897204715607
49.0,54.32865685915454
50.0,51.15593206063412
54.0,48.13821285222573
31.0,33.83041115687809
37.0,33.963502301721476
35.0,37.69376726527822
75.0,74.11397460766672
39.0,42.902285604924444
66.0,64.86859725464467
64.0,61.774187410716564
54.0,54.43233936151485
44.0,43.936369065999045
54.0,55.93073935148981
68.0,73.74241573287553
47.0,46.639333461527094
51.0,50.723318702749516
80.0,79.52714958984761
49.0,47.72135052225182
40.0,36.808120775270346
67.0,65.82932346747965
46.0,45.33327230733129
80.0,76.62658253312648
62.0,61.928466562207575
68.0,68.25001104988539
41.0,44.661759736618265
50.0,49.37954138500146
32.0,38.927577184931415
81.0,78.89284677178951
31.0,28.514879936144315
22.0,24.011868756498234
74.0,76.21712311052737
77.0,70.91883902716334
17.0,18.432384146099068
26.0,28.273583703464155
90.0,89.97280332730682
68.0,67.26170152819302
66.0,63.119709656076836
72.0,74.95078004836013
63.0,62.28957718150006
30.0,28.98036764614016
43.0,41.315869813402074
73.0,72.45237991822117
71.0,72.36429097747838
53.0,53.01878857133747
53.0,53.2028692109318
52.0,52.891390258718786
28.0,27.971665978235237
61.0,63.631855719956064
82.0,78.93704057432075
83.0,85.15122281676341
91.0,90.55237541505372
77.0,80.29456864996094
44.0,41.295648569508245
44.0,45.87660474151649
63.0,63.500148277647256
57.0,57.21814760881544
48.0,47.85802999167896
66.0,66.63287467555587
64.0,68.43316709478319
44.0,40.676256944784775
55.0,54.917786766442916
57.0,61.16088585603807
27.0,24.537758386748976
22.0,25.270995969474416
70.0,67.63250356340492
25.0,29.112497950461048
56.0,56.191442912714066
65.0,69.13745855570758
66.0,65.58543366846455
26.0,26.454589629976414
74.0,71.29281369937942
26.0,32.32328299984692
60.0,62.47194184887423
43.0,43.82818986866279
41.0,37.74761839255363
42.0,39.42154273099098
71.0,70.27374764330513
49.0,48.65820693793359
28.0,26.02063200451732
54.0,51.624241376131074
60.0,59.14964047601071
31.0,29.040846064126995
74.0,73.56235994912903
29.0,28.71027719143821
36.0,35.56725452939994
52.0,51.78051865968859
53.0,56.80036023833613
29.0,32.504118557205985
80.0,78.23664175908442
29.0,28.792873391932094
41.0,34.01189557619996
68.0,68.14298091901033
78.0,80.82481386571439
37.0,39.28506825974284
73.0,75.62507767238883
64.0,64.40100998271153
71.0,67.51388561729385
50.0,49.25287970717632
59.0,62.334025126903036
80.0,82.59777832508311
56.0,53.56430038141583
55.0,62.32909706765118
49.0,48.35390272398054
88.0,86.02256669752181
79.0,78.44262084623142
56.0,52.52471208121068
52.0,50.12464301242255
46.0,48.050812402761544
75.0,70.62695581225256
60.0,65.62285825229162
67.0,68.84916971952426
56.0,53.411439003733065
61.0,62.34907141843816
37.0,34.60794014365316
39.0,39.80725787100749
81.0,80.94011844253068
47.0,45.09016151923401
18.0,18.392344400205463
93.0,88.14343933398331
73.0,71.92511283712513
29.0,24.197849259483647
32.0,32.20917295791709
33.0,32.83753791974084
57.0,56.501333333558065
49.0,47.598214338901506
92.0,87.56470937978607
89.0,85.83292641552828
44.0,45.85029016451042
65.0,62.75437706610684
37.0,33.859958883744554
58.0,53.54106414502429
86.0,85.90577012915561
37.0,38.93138481326842
22.0,22.126032481304467
41.0,37.68298672927177
48.0,43.25419201784505
27.0,31.20922642863538
78.0,79.50886237392352
80.0,80.05337186891717
80.0,82.35948089178751
70.0,74.11997376086943
31.0,31.69163748298076
26.0,30.3072822600058
64.0,64.42058999833804
72.0,75.37645030474722
63.0,63.660637433145624
62.0,64.00861211233251
63.0,59.33861669286371
67.0,69.69966613124825
74.0,73.97160765133108
32.0,33.71142767140848
39.0,37.670997865538176
47.0,43.77894009926733
55.0,55.76923144399929
76.0,79.96808294929835
49.0,44.79665291073207
57.0,56.35574901439375
13.0,18.569077033785792
70.0,69.97804580214839
56.0,61.7938658863739
45.0,44.65780574549321
55.0,54.19436482523865
22.0,21.941751775341626
32.0,32.94820839910413
52.0,53.68931294096015
60.0,57.14285464837093
37.0,36.12293085360612
25.0,29.520739165097673
17.0,20.029016099083556
79.0,75.04611683399655
81.0,77.79347946319011
86.0,83.14757070788865
32.0,28.54733799454728
21.0,19.787855161996607
58.0,60.75838786469711
99.0,93.8494343450418
94.0,89.1676307122797
34.0,37.10240621654768
70.0,68.89603055637856
82.0,77.37958555234226
43.0,45.31067709936999
71.0,69.89431322963475
45.0,41.80568799272201
72.0,75.496976599066
82.0,81.07979568576847
59.0,57.17686964417812
74.0,74.52109928038557
32.0,35.65483333617216
65.0,65.27101335477252
36.0,35.68235504458106
47.0,41.43723022662272
73.0,73.50416641159583
57.0,53.55307119676579
37.0,39.153967235267245
87.0,82.5209528321521
60.0,63.13953806653533
39.0,35.76413825497399
21.0,23.66964816094222
49.0,50.30869429623624
22.0,27.661524238873547
24.0,27.548479416947426
62.0,60.16242022278265
26.0,25.213484621276518
84.0,83.18474844064416
62.0,60.62991228893975
37.0,36.607416033727425
31.0,31.40017687381843
73.0,74.48498905735477
72.0,73.55047643775164
62.0,64.17022676143698
47.0,44.03508240114891
59.0,60.66193924265799
58.0,61.809622537509675
32.0,30.38509004095041
47.0,40.275712017616954
82.0,80.29709323291596
75.0,73.27616676747111
43.0,40.32637362333363
79.0,81.44210716232844
51.0,46.347171609188166
56.0,58.8002705568209
87.0,84.90500678149284
71.0,72.14253591122242
85.0,85.23227675645362
74.0,73.11679404757827
65.0,64.29170092251891
38.0,41.20722522608546
72.0,75.89858772942189
84.0,83.64576736826285
50.0,47.40731246632168
49.0,43.586225603709586
45.0,47.18429802501981
62.0,62.792127649598896
44.0,39.710219492672465
20.0,21.632022179105117
62.0,64.8257701363614
79.0,78.05330080724802
36.0,38.43842877820501
74.0,76.34822977909808
78.0,77.51467956227543
74.0,69.74963877284299
76.0,73.24443433777536
69.0,71.26043677131831
59.0,60.41314023555448
50.0,47.84923342739809
48.0,53.02921932534996
71.0,73.23775890137766
79.0,78.48372166675165
69.0,72.29811075795718
74.0,71.92097492863635
66.0,69.07329980851787
78.0,78.74976750242837
68.0,67.97973472946366
75.0,76.92536481111924
25.0,31.539145528038475
40.0,38.77141148459677
34.0,36.94465590547082
66.0,66.52004041493232
43.0,43.42258520831502
55.0,53.54340204966911
26.0,24.089234157220698
36.0,36.15646592412999
84.0,85.3508558116339
60.0,59.470147368770846
67.0,67.45320413708376
54.0,52.891390258718786
45.0,41.208646842784226
72.0,72.91034123868405
17.0,19.76878807139377
24.0,28.18079710251587
36.0,39.54832501918211
74.0,74.89656336528006
61.0,60.76374587430877
77.0,76.10281568207043
52.0,48.345053044094804
43.0,38.37605434709141
18.0,23.412706131188536
52.0,49.53929950896974
55.0,53.260876962120356
61.0,57.57765772596043
38.0,39.49171718017991
50.0,49.532278295924336
45.0,43.127850547111215
31.0,34.16282698142255
26.0,26.75937306589355
31.0,35.76769325311437
44.0,44.76873551679997
82.0,78.78764946316407
59.0,58.3871473034374
74.0,79.66794801724838
93.0,89.59331266012556
41.0,38.84605805809701
22.0,23.406210080937008
20.0,20.582598898148376
50.0,47.434069275318926
90.0,86.54993677258035
82.0,81.91849906892864
37.0,40.597437388380726
47.0,47.849421572733256
74.0,71.48575063988983
88.0,84.53406459148786
55.0,52.79932223694702
50.0,47.631546941386496
50.0,52.826472153579495
39.0,38.334099887582745
57.0,57.41973499263198
23.0,22.073720687863407
82.0,80.44271353239921
76.0,71.44518440360227
72.0,70.29563928695792
60.0,61.37639893223236
48.0,45.59292144978789
34.0,36.47866757433666
57.0,53.97310891289198
51.0,52.76336242962322
66.0,65.07676591356129
49.0,46.668575197714944
27.0,26.40045238194427
45.0,46.819852220840716
72.0,73.15757765383267
66.0,61.92880991959567
76.0,73.17302879223905
29.0,31.468154207662614
78.0,75.7275093998691
48.0,45.82234392263092
55.0,52.957496831451785
79.0,79.30021213797306
29.0,30.000339333821927
44.0,42.280773279667564
82.0,81.84900259649054
71.0,70.97753084849826
53.0,54.72493057799642
40.0,35.59415591387677
37.0,34.984188370279945
67.0,68.21274610546187
52.0,51.2847591719721
24.0,26.83690204837634
52.0,49.9025164943596
26.0,27.570586960731305
48.0,51.558464451488504
51.0,48.506199005814075
76.0,76.54906310846394
83.0,79.31792769471781
88.0,86.16037874354686
91.0,87.81825310244996
62.0,64.289937263651
27.0,24.424917309277436
19.0,18.184421474066024
59.0,57.675681345657466
70.0,70.09834689735054
27.0,28.034088683064898
68.0,69.56147668019437
61.0,60.90037889803448
22.0,21.14867252215086
57.0,60.211108411527576
61.0,62.80452307426869
74.0,72.29467502715184
49.0,47.37667935929568
41.0,39.610025717074635
48.0,48.51252065106046
68.0,70.78895040510905
83.0,81.65051332379687
73.0,69.89431322963475
82.0,81.59664052283583
95.0,91.9114447592945
51.0,54.14138899959475
54.0,51.50308060590765
38.0,43.041413456503825
33.0,33.30904005594582
80.0,78.54123670362152
30.0,32.32328299984692
35.0,34.119206010683754
31.0,37.01991904313099
45.0,48.42791472751642
17.0,20.286202549012998
68.0,67.61298841108163
66.0,65.53470647864829
59.0,62.6786742586698
67.0,74.16620734458769
39.0,41.48235161586029
64.0,66.76867793650219
89.0,87.26038413296126
62.0,63.44819055365897
74.0,72.62335170042294
49.0,46.931135524685196
32.0,29.750574013494802
61.0,59.310999054800185
81.0,79.57956136066153
68.0,73.29541399423734
32.0,30.55128975332665
52.0,51.46688738604291
78.0,77.07270805299186
69.0,69.77134201343212
68.0,70.85505310756933
67.0,70.60775184987955
44.0,40.924478419161396
40.0,37.47161009891834
74.0,70.43645647342795
18.0,17.17441744576618
63.0,61.79879156339087
71.0,66.08668070100727
72.0,73.80803757602125
67.0,68.88862575871794
61.0,60.14565872582896
45.0,46.87140343053262
29.0,29.133143461197825
31.0,33.59606845020517
26.0,29.802022925005055
59.0,60.051207698714535
79.0,73.87121562150499
33.0,33.75900711487655
35.0,38.50009342803034
46.0,44.103122071034
51.0,49.95171540419185
38.0,37.28520221256511
49.0,50.62693564707473
73.0,72.31634425790962
38.0,41.01827406265947
71.0,76.74336806316451
51.0,49.93452240214765
27.0,27.981301338313596
85.0,86.90550447186627
19.0,20.587977047959864
42.0,42.90978131327709
65.0,66.44893979155991
23.0,24.209111815404153
70.0,67.9128806942929
82.0,81.98100192659822
59.0,52.26665948667364
30.0,31.419689252652464
88.0,87.2828892789694
40.0,40.974797871545626
82.0,79.89416414532083
17.0,17.838705065203722
25.0,27.47041932524413
57.0,57.781373326993105
78.0,78.85842310053027
65.0,67.62423804766827
38.0,37.198053778511486
53.0,50.364517623964424
66.0,69.44566993680559
65.0,61.8073890570484
75.0,72.24127668057855
57.0,59.78910972227222
47.0,46.65725762569169
35.0,30.24336268747168
89.0,82.6926887610947
13.0,17.786025094102886
60.0,62.176945404529576
68.0,64.4908802317575
56.0,48.68277650571991
62.0,61.9938907402803
50.0,51.46467730714155
33.0,33.94133487624194
64.0,60.660584443842346
75.0,75.34489096225617
38.0,37.64991306960859
74.0,75.15700459420991
74.0,74.87794027015525
56.0,55.430852725205796
43.0,42.16136522696938
52.0,52.80316302335747
97.0,94.44404994962315
37.0,40.061888708736554
57.0,54.87755145344481
61.0,65.72539890429806
45.0,47.85166645804752
79.0,74.77948568663152
32.0,35.86360956607635
79.0,77.62074210424606
40.0,40.431822402813815
42.0,41.460256355317526
31.0,26.621189799050015
42.0,42.93720096788483
37.0,34.48073361546216
82.0,83.36368541427174
47.0,46.02605174290126
35.0,30.911927305046024
87.0,86.12765343217919
59.0,56.097994885328035
39.0,37.53331488341466
46.0,47.194676759373195
41.0,45.9890590766357
88.0,89.07399370954275
25.0,31.355132865577612
77.0,78.1316466938397
67.0,66.87593076879939
87.0,82.92012172019163
50.0,50.92395407729281
45.0,44.15157664048695
57.0,56.5634212810592
34.0,36.409060011591656
64.0,57.906993787379825
69.0,72.17864065762453
21.0,23.35617898469904
44.0,45.74821227061432
30.0,33.04351440645097
51.0,53.72304612152095
87.0,85.18973565714157
53.0,55.72491477917206
61.0,60.568840341393695
45.0,46.77865450947935
91.0,91.5984948508069
47.0,47.83525626025875
55.0,58.7795854546183
77.0,76.15473984899984
17.0,22.102379255967282
54.0,50.97170795222786
66.0,68.0974243729953
79.0,79.36756248544944
66.0,64.7644071254139
52.0,51.249778786826596
53.0,52.36393216070798
71.0,70.84722023088096
63.0,58.055173910280296
55.0,57.51626792410312
99.0,94.16811108213722
49.0,49.2433090366501
86.0,84.6054921137704
78.0,76.04876195214605
65.0,63.36886542059254
57.0,58.17775356785711
27.0,24.972147941963954
44.0,46.2030484247628
49.0,50.993035742646676
28.0,31.082111238321428
64.0,65.7556145764184
39.0,39.396456655241956
76.0,74.70911733655326
66.0,64.80681208952822
87.0,85.9512794552795
26.0,28.24979159215803
72.0,68.22959808550655
46.0,47.08302142578237
58.0,52.26068393671891
56.0,51.28405083464839
76.0,72.94475640632223
56.0,53.97728947911332
43.0,43.2510542739899
86.0,84.84600592737105
43.0,46.28792700746492
54.0,51.98405638314324
74.0,76.12804926824268
43.0,41.146231520715126
60.0,58.897265502417575
44.0,43.08738443271148
42.0,41.14482405568517
28.0,31.843489418871915
75.0,75.79440321558359
54.0,53.39625353136792
33.0,35.364885873269856
67.0,67.59808445238853
47.0,40.51260582778503
77.0,75.13996374960212
67.0,71.71376369491645
32.0,30.30339295972295
42.0,41.417493627017265
70.0,71.08801497591425
52.0,49.88193534783161
44.0,40.515776772770195
45.0,45.14400501998738
46.0,48.62378113258774
49.0,51.25339105579692
44.0,46.947484820304545
76.0,73.27616676747111
41.0,42.33889113566278
50.0,51.609241501472766
75.0,76.85856964162295
42.0,40.89804870870108
58.0,58.538640489003825
77.0,76.48442888112552
50.0,51.282094381096194
31.0,36.12293085360612
49.0,49.173308816709095
73.0,71.98800503139897
61.0,61.07873769894616
44.0,45.42649475198637
70.0,73.83359764265946
58.0,56.185028814051385
63.0,63.260924389477
78.0,80.72349167628391
16.0,18.579589388763676
66.0,65.37631531213471
26.0,28.577615949954605
83.0,83.7714194772582
37.0,40.14933967916605
46.0,51.078258210279934
34.0,34.159702444156416
88.0,87.1779345254275
33.0,31.567176225409074
15.0,20.243481952505466
53.0,46.57075040027782
45.0,48.030000011804546
66.0,62.93237171071755
16.0,19.89617210829499
65.0,60.64828897563464
47.0,44.249612809366035
