Actual,Scratch_SVR,Sklearn_SVR
51.0,55.19298920673874,54.43040733003672
20.0,54.554206258127365,23.014910893523783
46.0,55.00757928876564,48.136072199187964
28.0,54.6238580474573,31.23457180338982
41.0,54.89552817270681,42.98292253438434
59.0,55.219237832198495,58.7446935872123
48.0,55.059366426836185,45.91279915961765
87.0,55.86821903949849,87.30212323297688
37.0,54.71038469291982,36.984010437594655
73.0,55.557658791619616,72.29293036820764
66.0,55.460297592164515,63.202692456952626
30.0,54.63823427949934,24.249107708711808
61.0,55.31207050986757,59.97444445607076
45.0,54.9770760019237,43.867357685885665
52.0,55.00162979757538,49.046998616831814
41.0,55.1051110283927,45.545839608071475
63.0,55.34782865559601,57.761660089508744
78.0,55.75687510269176,79.33386933905645
63.0,55.518138267570116,65.33551741848403
42.0,55.05240047064981,46.339612768163164
59.0,55.351638997308896,62.09729232274074
15.0,54.39435917858433,15.59654698072356
38.0,54.73629816958567,37.676037851156295
76.0,55.66177336635063,76.28560046923434
84.0,55.88212948763903,84.97602540081323
32.0,54.70413995800001,30.17127834121228
30.0,54.59705362506902,28.44923223868319
92.0,55.96321967218839,88.8211006830521
52.0,55.048603445038474,51.2822038442456
57.0,55.260958794115425,56.045842317941876
60.0,55.36433077315085,60.2175468041956
35.0,54.7540026919473,33.10736686930584
42.0,54.911516481934655,38.35777505510259
53.0,55.0099797605952,49.230658805118146
36.0,54.885065649172425,34.49574208514099
64.0,55.28326196303052,63.98286105802717
45.0,54.99100782449326,49.927336150264715
47.0,54.99168914069547,46.64772428346391
76.0,55.594875548673116,76.52961540383477
79.0,55.75697620634299,78.54094339933533
79.0,55.749728322528625,80.76562801535883
74.0,55.77718230418541,75.9684889236378
69.0,55.518329465154864,68.37615808487197
93.0,56.0473333077697,93.18446320841583
72.0,55.56602424408133,70.16084229472207
64.0,55.347924643413336,63.56734055184414
73.0,55.704013252428474,74.32333638638498
68.0,55.545381893793774,69.47019174845077
73.0,55.5695607164937,75.50051119293452
39.0,54.89682656533092,42.356734302513814
72.0,55.6634149749928,71.41855683966705
57.0,55.294205768804986,57.50869265993945
74.0,55.66783945063402,71.97763853179633
88.0,55.79642810069119,83.60194047290604
70.0,55.55305054061138,73.60085205465649
89.0,55.9907696416625,91.10059367960199
74.0,55.55772302250324,73.68230877384094
86.0,55.89688657761995,88.57403619629739
74.0,55.686133021924,74.10378475971112
62.0,55.272283457828784,60.21878181333977
39.0,54.75035256893536,37.17090196222814
35.0,54.72817482949078,36.14582986214327
17.0,54.40097154514466,16.054463588174848
83.0,55.73445525088035,82.21434784771948
80.0,55.9315988166991,84.42369930162698
36.0,54.66149262502048,36.748748324124115
31.0,54.689999944440984,29.50252505925095
68.0,55.59140036465081,68.22919995943579
38.0,54.86436201049481,37.51997526505858
70.0,55.61715144927537,71.99320686897383
61.0,55.37096452303688,61.39636213560706
93.0,55.9968047470621,91.66664837149992
88.0,55.85458246065848,88.73966559845397
95.0,55.97308060874278,92.08354725312756
68.0,55.63983773927287,71.56696873409277
40.0,54.851345459466934,39.47939074032278
66.0,55.51346578567826,65.17239651675875
42.0,55.00317030256632,43.50118072301116
47.0,54.96274773327349,45.62365092761101
76.0,55.57888429695171,74.77901263760654
64.0,55.355983752624596,64.79364757670226
58.0,55.45068171047052,61.09937764937774
66.0,55.55087374921319,64.58802655437107
52.0,55.00592730651549,50.24189700850519
58.0,55.374181336097244,60.15035395672686
35.0,54.74777127312905,36.45285533316028
26.0,54.596534700908116,27.75738954243586
81.0,55.68115713927525,81.44399380985007
69.0,55.35736775945804,66.76777976988937
27.0,54.67018286156479,26.431942031111774
20.0,54.57716641742539,20.6762408118946
23.0,54.52236467359696,22.68599380456289
33.0,54.62883392120936,30.810877324503394
78.0,55.61238375761609,75.1675145343913
95.0,56.09709493806575,95.92185774563065
80.0,55.862471845413886,80.0819354287113
67.0,55.52384270389999,63.575933039194084
89.0,55.964484143435136,87.42433100414665
82.0,55.93693417396103,86.7177933517896
65.0,55.22783724889637,60.93821181815652
86.0,55.828067397012624,82.99498685560802
28.0,54.64904001905179,29.173475107103805
38.0,54.74312017456289,36.49198582475137
55.0,55.26690828530569,54.9302638797309
18.0,54.555406498490484,20.74649454291945
73.0,55.5030622873904,72.63441066874122
49.0,55.10049168676024,48.85502962841012
80.0,55.6706178379089,79.91281987612044
72.0,55.680162147408026,74.57996795103529
40.0,54.915590319340076,38.04661814377154
51.0,55.1350156707482,48.83317293060752
21.0,54.5264968480022,22.25963417732771
39.0,54.86911421271219,37.04992058673633
22.0,54.692296370125746,26.010299835434324
26.0,54.538420156201994,26.48597618112678
27.0,54.67665127691596,26.930277679301174
49.0,55.221831674953144,51.72234401183832
24.0,54.574090523277434,24.470804940997454
23.0,54.622344131429166,23.606187232905178
52.0,55.26791437669382,52.498999990760126
39.0,54.843964715067635,37.583956151656814
79.0,55.67179669494631,76.35041964705174
85.0,55.91201274666883,88.68901617038907
47.0,55.065794937122995,49.54678358002705
49.0,55.06549968449677,49.69793035907219
59.0,55.35674478915233,60.23113152885005
53.0,55.24057698813016,53.64497419605987
68.0,55.5477181347397,70.2376494686681
73.0,55.686133021924,74.10378475971112
58.0,55.20138641613415,56.831605780222425
67.0,55.455646493598366,63.944748208608225
52.0,55.12744006035767,52.98187502836647
66.0,55.411509570409976,67.10298995930754
67.0,55.47806928790333,66.15715730379384
20.0,54.47683336996714,22.34811851838895
88.0,56.019618003760726,90.86168941189271
57.0,55.21456830169688,56.349444505412905
36.0,54.72202313099805,37.427608500685224
39.0,54.908400772525525,39.72930169048938
17.0,54.32932152524976,17.760894230983133
43.0,54.939502703853904,43.01337843713713
12.0,54.35813007208681,14.6814896716824
43.0,54.864945165539346,39.626891135557955
47.0,55.00508360716866,49.13205350485307
63.0,55.24664385046345,59.144145384232544
40.0,55.016950832615485,43.65027087987833
37.0,54.87500241551239,39.23914965504671
67.0,55.51365993465325,65.4391867031727
20.0,54.38917366641537,18.252015965526937
29.0,54.6107086358445,29.61309065475483
40.0,54.90079929908511,42.97343254857529
46.0,54.89890226197456,43.16213966514951
79.0,55.689259104941115,76.19224190465533
45.0,54.92247949769449,44.15184908192975
70.0,55.56349680555065,67.6155680628344
20.0,54.39625915818844,20.557563490765872
35.0,54.80449143739373,32.355225284507696
36.0,54.72309785208748,37.12996118646411
50.0,55.131482140829405,49.365853228351554
19.0,54.41091220202457,18.37910626900881
74.0,55.75763613921949,74.77691873055744
30.0,54.798621666528994,32.634317917586856
67.0,55.67730403980762,68.76770251788346
34.0,54.551194594863034,28.91197423475017
42.0,54.7737887959397,41.19918260251165
76.0,55.84918885619992,80.36804706009382
71.0,55.73889082604248,73.20063975025457
17.0,54.39745939855156,18.61987791832017
53.0,55.32113276797339,53.79330070385076
57.0,55.174781249658096,56.10416466070165
49.0,55.118978620078636,47.866110155393294
66.0,55.48315959030487,67.59008477507845
52.0,55.128366431420275,50.54961807256097
60.0,55.333247273757934,58.93198831142027
85.0,55.77233194081035,82.59539392295528
39.0,54.76684431288222,36.12110642161137
43.0,54.86202871204244,42.43925127171173
76.0,55.77346795028985,77.97419334233444
57.0,55.285754702133936,56.736782921758966
52.0,55.25663542212544,54.7797697028906
38.0,54.956074168126285,40.95756412968424
43.0,54.87963802463664,41.5360803826595
57.0,55.19352656283511,57.982935328070226
29.0,54.78215130590785,34.64886382725274
58.0,55.30776262731948,56.8169861370926
54.0,55.121913505511,48.00546432811808
75.0,55.76705787193849,76.8519634660071
48.0,55.05322278667093,47.08109356738826
36.0,54.92153981053034,38.00546921624348
64.0,55.40450379896243,64.17032697062801
64.0,55.5373168906987,65.33324420329298
78.0,55.843665243846814,81.98492755453151
73.0,55.570840677182346,71.03387899019968
93.0,55.97308060874278,92.08354725312756
39.0,55.089055545787666,42.260371347765854
72.0,55.71369848084001,72.58829210096171
33.0,54.74450123890277,31.764354550167507
21.0,54.49192561763865,21.964182021392517
48.0,54.91834732328925,44.64649321553419
81.0,55.88995463261413,79.64904631423485
35.0,54.78197048193109,35.15822525294425
68.0,55.29132107224178,64.04753646939508
75.0,55.68941854559216,74.92799023124898
46.0,54.80427365084618,42.75409479045831
88.0,56.04007953007152,93.12067208148751
38.0,54.8096399869919,39.959105956946516
28.0,54.64338282909751,32.29424534118531
72.0,55.66705998217082,73.43053506767043
37.0,54.638016492951785,34.85390563061804
89.0,55.9980817563605,88.84670521203005
57.0,55.26052548416386,57.9406875049145
26.0,54.638319893708676,26.98221138932969
22.0,54.45076045265023,23.30958907955008
30.0,54.78395019075741,32.04889486466049
20.0,54.41500447136545,22.29878597056127
70.0,55.66978228669273,71.2891101332277
11.0,54.32049843701719,14.099646103161156
19.0,54.477266679918706,21.436761338798235
20.0,54.506160840965094,20.63443049802047
43.0,54.99460264280213,45.76732220360625
47.0,54.9441138973557,46.9008305371749
46.0,55.03431803284286,46.377469056725346
78.0,55.64530300572948,78.22929065237635
26.0,54.51666023726709,25.91273572062638
25.0,54.44437175762459,22.938157389500653
47.0,55.03762493983674,48.206874142713566
28.0,54.623706754936904,24.758175217695403
41.0,54.827065524219094,42.072749931991
59.0,55.40863303087411,59.22885700582266
72.0,55.48078344429459,71.56761277655522
82.0,55.9287252196568,81.04930605494575
63.0,55.50621495937032,62.1715172630629
35.0,54.877998589334815,35.858318345777995
82.0,55.82157759833574,83.08864841182906
82.0,55.82242424907282,81.23389318941123
65.0,55.481624201147845,66.45423818781072
63.0,55.549575356589074,65.39104175346482
17.0,54.4079773165922,18.60888968787617
62.0,55.342834341011795,63.025396986465374
39.0,54.864542834471564,36.770837995849234
40.0,54.79089467381489,37.997205890462375
61.0,55.395060682917716,62.43031778674716
45.0,55.106765953136424,48.16033860239344
74.0,55.5169911674664,72.98055200521642
70.0,55.53416127622521,70.6531163983741
72.0,55.6669485049116,70.57678108126123
57.0,55.259386532190796,57.76291101859722
46.0,54.95775047619571,45.41895164687349
43.0,54.93879258210825,41.10400405438786
75.0,55.783196026259304,77.13706568396196
38.0,55.00089535001045,40.5686629634518
60.0,55.2632337466713,60.153021140303586
67.0,55.52463843985498,69.07973535467976
74.0,55.77558865893507,75.33587797326683
78.0,55.726819078012674,75.84145955748218
81.0,55.76584509352372,80.55792590948306
67.0,55.4845377032545,65.54270363578999
66.0,55.42754072719573,64.14325224551519
57.0,55.21708536661957,55.41743963755579
62.0,55.4058634799766,60.538028610353706
38.0,54.722203954974816,36.00627065463972
55.0,55.306703395671946,55.11643860236622
48.0,55.05048205021355,46.762559509262886
32.0,54.70251383879974,34.40775436982504
11.0,54.38222623196764,15.464805270038255
76.0,55.53915853330299,71.12730975405623
41.0,54.90565260495373,42.144713352325795
19.0,54.54602162964241,23.916725774991217
53.0,54.97604109609544,48.459404941190506
79.0,55.79478866538937,76.87253900379686
19.0,54.55970400743059,22.89420727589019
62.0,55.440253886363394,62.219888847616986
71.0,55.760917183163485,75.79369308079701
44.0,54.77973828712996,40.363480386637235
73.0,55.61462401074469,69.64491420956917
59.0,55.24197136857159,59.06364997604852
58.0,55.15381117279438,57.351165190409645
41.0,54.8717058821265,42.12911949847313
87.0,55.822341577357044,84.3909739067185
46.0,54.883543576116956,42.7420875189986
34.0,54.637332234256014,33.386224370229215
58.0,55.162695549417,56.58414875185972
49.0,55.10328556347702,53.085325757060914
26.0,54.63314987098162,26.840935803280946
37.0,54.784245434486955,39.16648984056802
71.0,55.61126324647517,69.53892377408982
50.0,55.17498354676375,49.0840478819448
62.0,55.23724054967991,59.89078003981103
52.0,55.34952643679433,56.336302738459864
51.0,55.07025188671415,49.365156225604984
65.0,55.48067939814978,65.65094741655655
69.0,55.509690143392625,70.85512167329335
69.0,55.600348972157065,68.75528626602555
31.0,54.786203759987565,34.76635034271743
40.0,54.862970572546935,38.16758492182431
36.0,54.86444173082033,36.26036687654028
74.0,55.67385317270791,72.95302201742382
78.0,55.639267900329884,77.3215732659946
68.0,55.53033544507043,68.78166970513308
69.0,55.48251514687027,68.42051460316125
37.0,54.72421542073483,37.10661218851823
76.0,55.74380836279473,74.63891481260973
21.0,54.446149259148434,18.033731981269646
48.0,55.13824285741656,51.06270656474329
50.0,55.219397281746225,50.57370939770397
47.0,55.021979846626955,48.135688188812075
24.0,54.59132486291988,24.109164595887496
30.0,54.77121859965428,31.66725954019071
63.0,55.568043857972,62.04691519497692
78.0,55.81948346975664,77.27838877954083
56.0,55.205079386704,55.21868728386261
36.0,54.66504753826499,35.776672733614866
20.0,54.4350083619054,19.23618794541619
41.0,54.83000040965146,41.9516201601548
43.0,55.083808745228644,47.8986668900765
35.0,54.75406692283093,36.01348840179011
55.0,55.31164679547408,56.637689530106364
86.0,55.7641473123254,83.8907491558067
46.0,54.99719942805035,44.55662301895235
59.0,55.24539342123117,55.21005355488934
86.0,55.94914684090324,87.32010265970058
12.0,54.3728229311841,15.029291960393493
59.0,55.375032466558494,58.64683252456953
27.0,54.7006005341974,28.268199400937917
52.0,55.19796213799724,48.80658074632774
25.0,54.589280923209934,27.037233956435323
61.0,55.33204998478506,59.79572777708611
45.0,55.10592225378959,47.31431372939383
73.0,55.64184625364264,72.38785248473481
52.0,55.04980073401134,50.5130999309934
49.0,55.064302395523896,50.480846079337155
82.0,55.88616055839304,83.61854964082823
87.0,55.8322851856272,84.07396466860503
97.0,56.05778699492671,92.91857700033785
34.0,54.75227098937162,37.2215740199995
56.0,55.264774251662224,55.6570732503224
58.0,55.32875856723308,55.974500751816635
56.0,55.39523856440092,56.767107682952386
63.0,55.40028601034785,62.893316067458436
80.0,55.77520259535909,80.07803333406234
74.0,55.605851111381284,74.3775970367735
44.0,55.01127521072575,44.19416045817866
63.0,55.3721219069454,64.38962042726604
63.0,55.4233258899714,60.555911460801546
49.0,55.00367078589508,49.0067380675558
68.0,55.493363742877314,65.80517452159165
58.0,55.26639525502859,57.234994584078756
80.0,55.72905421530737,76.50817895409506
59.0,55.36292090326752,58.62122840676257
43.0,54.87821411273884,43.97782818807048
75.0,55.67265588373503,74.23535062664962
22.0,54.53562627948522,22.679289341895284
37.0,54.989736020831955,37.92659622476927
63.0,55.38082545959127,63.704506064643994
73.0,55.61064616115659,74.33832858016349
43.0,55.06421973270481,45.472184805149624
46.0,55.01360850028143,46.193333342327435
54.0,55.19470541987252,54.33908885130626
51.0,55.13520686833295,51.34441036542758
78.0,55.81173804510707,80.17036897805917
62.0,55.13169766423342,57.511613919835504
45.0,55.0737669846975,46.34369972570409
68.0,55.407276292353494,68.1741736416335
64.0,55.562938066128574,63.84610045082943
37.0,54.905793613669324,37.577094631938564
53.0,55.22338844743588,53.50978478469819
70.0,55.528597848610936,67.8423080623222
24.0,54.57882428466268,29.714405921493032
55.0,55.279350517666394,59.31962018212829
66.0,55.479644492321526,70.70518063453777
72.0,55.600822097369814,69.60958791073708
37.0,54.871609894309174,35.73740208678589
83.0,55.8322638023015,83.42116710545284
43.0,55.05723239319272,44.59739267396213
74.0,55.80530953482025,76.45365571734933
64.0,55.350175270149926,61.499359734344395
41.0,55.080250889490564,42.08784356457174
88.0,55.798684621311594,84.17685865252344
23.0,54.48779049184316,25.320092944826154
31.0,54.646916359016316,31.148038656038437
55.0,55.18583653269179,53.45402428285091
53.0,55.09499983134083,53.86294537433778
39.0,54.89337570712789,39.00359692545751
37.0,54.76382675573408,38.83327617471177
57.0,55.156374036665234,55.33336781179739
80.0,55.791593235654716,79.07785151595324
73.0,55.76670133981888,72.92500722820135
66.0,55.369266741838565,63.68293309376027
83.0,55.687026910139984,81.28871461099372
55.0,55.13506585961736,55.75636220832919
53.0,55.09177264467248,51.43060038904866
72.0,55.59966765595486,71.44153751662876
57.0,55.33153106062415,59.29957224135817
58.0,55.258708167378835,58.48900209537593
79.0,55.684233033423205,77.15760569562045
80.0,55.77051168153177,76.67732178951753
37.0,54.93989171882013,39.14142683675373
24.0,54.470963599102404,23.434197217949873
40.0,54.77963718347873,41.321143112293626
68.0,55.419875022871686,64.98533168661133
71.0,55.6669485049116,70.57678108126123
58.0,55.24636998116293,59.78270760226803
70.0,55.67323609628601,72.04109330598665
28.0,54.64939360867783,26.693954180411485
18.0,54.43682567869042,18.18804440418505
65.0,55.43845500151384,65.8606866682494
49.0,54.952564964026756,47.87068369127234
79.0,55.631828818930764,76.87476404005288
72.0,55.611588021661085,69.83855178184054
38.0,54.79770118935021,38.37368578437152
89.0,56.0068864126576,88.66089578060428
61.0,55.33869922411299,58.17236264080647
80.0,55.74929501257705,83.38519969132398
54.0,55.29100444518652,55.911876116392364
39.0,54.820222144812845,34.55636640175439
41.0,54.914310358651434,43.16417867032628
54.0,55.05455293622873,50.21527347571498
41.0,55.04261925442095,43.371216465273676
30.0,54.78333016294526,31.11326146827641
74.0,55.66991514727766,74.46285312272907
74.0,55.657739353103054,72.66171855979503
36.0,54.760974542017486,36.239526588412886
40.0,54.76556435219357,39.623019983855556
32.0,54.724082560149895,31.75422930867862
45.0,55.018201261847764,47.14072885884492
59.0,55.31561952922827,57.44600369794325
48.0,55.102035134244744,49.54841558274582
33.0,54.67477267174088,29.906803249911363
54.0,55.228385704513656,53.72100072748877
75.0,55.70745373702352,73.72260164173987
65.0,55.500204179789996,66.06267396318567
60.0,55.39266021108816,59.763900583022576
30.0,54.69870349708685,28.606889810646457
65.0,55.28326196303052,63.98286105802717
45.0,55.023174193106264,41.2956712526855
52.0,55.03667270572426,49.77994662403552
55.0,55.329955856205956,55.30736201049148
38.0,54.86979257752415,35.325219474444864
56.0,55.364572885517674,56.045277461977975
34.0,54.81746808335724,34.72863507322948
56.0,55.23762661325589,56.74497535197838
66.0,55.465132457200994,67.29474991116614
89.0,55.95683392855299,86.70098151267595
88.0,55.83755336061525,87.07217208631717
83.0,55.869852589813185,81.86350341339104
45.0,55.000738851852965,46.57560566754026
35.0,54.789218365745455,33.21981357822503
52.0,55.209121467175734,51.1512673522023
42.0,54.924993620123615,38.31020330300751
13.0,54.38568004156092,16.70983214104435
58.0,55.207335907324406,55.85957423969334
23.0,54.62703504525649,25.445654965113714
64.0,55.50096521631773,62.72819377849685
45.0,54.82820447619215,42.667294322961894
15.0,54.35498994705522,17.346058963736432
61.0,55.249240635711665,58.16988207939617
40.0,54.77242617243196,40.87552814630014
19.0,54.5090344380074,21.673760500635083
92.0,55.93739180973187,90.3560974386912
61.0,55.29801611051788,61.77804646018203
40.0,54.920305648789856,40.81312489869898
76.0,55.62709210615528,74.57480145302891
81.0,55.77778389116541,81.77636939857148
90.0,55.967791050429014,90.10835005034323
86.0,55.78107530871739,85.34254422912721
37.0,54.75502505082722,37.10049343268564
93.0,56.101828708347675,92.80320328587449
39.0,54.97582557269142,41.11646426569285
34.0,54.612038785402305,33.40324677850749
85.0,55.86336573362987,86.85945654526375
76.0,55.68245258940579,75.7290200017322
18.0,54.34971882067693,18.139979820625122
81.0,55.760494246819896,81.08249048433225
26.0,54.69281529428665,27.10096804387401
61.0,55.49683304191249,63.552048608770356
62.0,55.437917645417464,61.785819214796234
39.0,54.80590424977063,41.087465269061944
70.0,55.62533607776032,70.67292402783383
70.0,55.59561225938158,66.68160846303451
75.0,55.59998134051655,74.95690511441511
38.0,54.869532033221866,37.0862403866327
36.0,54.84138341926132,35.92765485192272
28.0,54.64168808909262,24.75137631332304
66.0,55.54932287061427,67.17950313754454
54.0,55.239717799341435,55.67576855839084
25.0,54.567787442461125,27.582499545587645
59.0,55.44051443066568,60.80706073962837
42.0,54.96998755876039,44.386274141941996
37.0,54.76141079446262,39.954732091099544
72.0,55.535877489359,70.34511992669935
55.0,55.295237723243,55.122722014671396
47.0,55.00159804064169,44.85763155993628
21.0,54.55782540225551,23.374145750331408
35.0,54.92755353260423,38.61842775345942
33.0,54.72325729273853,34.48227013713203
35.0,54.84974887172304,34.647859624946335
66.0,55.64847706103511,68.54531136815748
51.0,54.948685275596326,47.58900103189192
55.0,55.15688706694233,53.169670686279915
45.0,54.99781945586249,44.489772482557
51.0,55.030204290373085,50.25279696375629
50.0,55.21730609566069,51.10616018598313
29.0,54.56535009786396,27.136356526566956
27.0,54.61771146479848,26.48836712450516
67.0,55.491785587068875,62.89274706534547
79.0,55.721125015290795,80.6407341228791
46.0,55.077592815852285,47.38381792752124
12.0,54.347529482330394,14.383563049386218
84.0,55.93693417396103,86.7177933517896
49.0,54.95238414004999,48.712557334060264
46.0,55.24349344162706,51.57644581988174
70.0,55.547782365623334,71.55790954086179
37.0,54.843264966929965,38.06328222250689
64.0,55.405621367609776,64.19983533639812
70.0,55.54470057759156,72.89923929192638
37.0,54.84043118514883,38.086822932263175
42.0,54.78371102088415,41.472663223888574
54.0,55.2383234189,51.14284784595709
37.0,54.81721048154852,41.229175835737195
28.0,54.67686385782642,29.115739174363803
72.0,55.65279300191067,72.41812380599275
44.0,54.898383337813655,43.11219857551778
67.0,55.57686694620457,65.02634491690215
60.0,55.420470724864565,59.81321922631979
61.0,55.28559820397645,64.18893341934354
73.0,55.56912446404856,71.79019089834131
40.0,54.779059922318,41.69507671253977
76.0,55.79615128889711,77.68642326494128
45.0,54.97473976097777,43.703365172563906
45.0,54.966634852818345,44.05942590045448
72.0,55.55178902075488,72.89872551620071
64.0,55.48335590372353,63.41810205934101
42.0,54.882591342004474,44.131373182719784
74.0,55.68080060715564,77.84284214290528
20.0,54.462039407218604,19.942133969399762
72.0,55.546060258605735,68.23771741881131
35.0,54.73733307541393,33.54447327220713
52.0,55.09480273987227,48.481544533362765
70.0,55.472577432483924,71.53300933877632
29.0,54.51296431530699,31.57639530212502
48.0,55.243054237791675,49.98786767040625
55.0,55.10683752533129,55.47043525881396
52.0,55.20488818911925,52.32717502630037
34.0,54.83214251051908,34.26713612637033
89.0,55.947228420466985,87.9436048933142
45.0,54.979838121706784,44.42070195928133
89.0,55.814574769381764,85.1801615796114
41.0,54.74591405127967,40.98067841855021
43.0,54.855203764571655,39.95420955518058
31.0,54.7154402958941,28.65404575061441
62.0,55.36245216797577,64.10125025485672
48.0,55.13001841367043,48.31239126411721
76.0,55.78840292175397,73.8607320253193
70.0,55.64813384501705,73.28143957791093
56.0,55.34937953419493,56.09946446558626
53.0,55.26413579191462,51.53317940275613
35.0,54.68905808393649,35.03434163155906
55.0,55.07519528651629,51.189288029737384
82.0,55.81172255566517,83.10323594960798
44.0,55.03026557876315,46.870967541320404
61.0,55.29885686737114,56.77753231122188
69.0,55.501487082972204,67.72282810383217
75.0,55.544865912126426,74.7040643208319
69.0,55.55470252286154,72.39119254810575
76.0,55.680454448644014,76.60393454883004
36.0,54.756836473728434,33.42916938955559
44.0,55.05902832665203,44.53012132770209
79.0,55.80049899560305,78.5189881280657
18.0,54.44968278906724,18.608326278902673
40.0,54.82022508730641,40.79448642994566
64.0,55.38543075920926,65.10064575371378
57.0,55.22165379346995,58.532326537310475
73.0,55.78235232691247,76.07659214168505
86.0,55.814675873033,86.17878715721329
33.0,54.809946330242354,37.93634937978831
40.0,54.981016978744194,40.93328773069058
86.0,55.80397123713179,81.97812618453784
40.0,54.889381590047996,38.238996654909755
32.0,54.799385645550295,34.70408838695269
68.0,55.34598180735462,65.72669279953188
50.0,55.23764210269779,53.67141040406911
50.0,54.95298278453643,48.65266279385113
51.0,55.24125830433237,51.17540390012769
32.0,54.792419689363925,35.73146523941839
64.0,55.287473857761285,62.445001976736
52.0,55.16438295700734,49.55720927108716
64.0,55.48810810594092,63.53618225274073
24.0,54.604979873695356,26.083560031084463
75.0,55.68510554721016,76.26591622355286
93.0,55.96659376145614,90.24102432590888
76.0,55.86817628174376,77.21697007502108
66.0,55.42971752749061,65.2355805014073
87.0,55.90326937876179,85.2143946388376
56.0,55.217503187129246,56.01371926896125
23.0,54.584957551219944,24.72131707888725
69.0,55.57662483383774,68.51479543694059
75.0,55.824815884525,74.17250337675904
91.0,56.04838664553342,91.5408620526464
49.0,55.001795132110246,50.98391465501273
70.0,55.560301375815996,69.4466492560382
50.0,55.14409713883939,52.87207232632764
36.0,54.84268181188543,35.81597145508468
40.0,54.88560889915261,40.67092590428979
25.0,54.61693199633528,27.584926474230834
71.0,55.71661198294667,71.95916015656468
64.0,55.374790354191674,62.93595798156506
30.0,54.57574544802115,28.709209959512613
37.0,54.722124234649286,36.8476142504516
74.0,55.705391365378105,72.93043820118054
86.0,55.8745221203148,84.03999668884053
86.0,55.93627129859096,84.96372425805978
59.0,55.24868483878315,59.333360002390364
86.0,55.90137234165124,86.45152785703809
32.0,54.65374425787734,35.154304476516806
95.0,56.031375977425654,92.67040531673383
46.0,54.97075153778169,46.02186696645006
95.0,56.03497373822809,92.86796724873525
42.0,54.962484246477636,42.05179871060651
57.0,55.30181018473897,59.328517948870086
50.0,55.07025188671415,49.365156225604984
78.0,55.744638020127084,79.59516803228918
84.0,55.73513656708256,79.52208804410934
54.0,55.25405412631912,53.766349857690216
34.0,54.81928540014226,34.50758272720228
77.0,55.649536283785956,77.94320810473403
79.0,55.828745761824585,80.86796780028757
49.0,55.14493789569266,48.442503787799154
86.0,55.94263861029089,84.47398512943126
42.0,54.98277300713915,44.25141265469101
49.0,55.00991552971158,48.1321481388583
36.0,54.751326186373554,35.96625867540226
42.0,54.95903043688436,41.477200106869745
44.0,54.865836111261764,42.19919842800143
56.0,55.22971585407146,57.10023045923152
67.0,55.492357651489186,68.920053449366
72.0,55.589766814336116,72.60517953965999
34.0,54.645863021252595,33.24762596354256
56.0,55.20611723502582,55.90356678401949
32.0,54.7327403138476,32.398919073624754
74.0,55.531990369814146,72.21323381196622
52.0,55.16541785393891,53.055172729641534
89.0,55.99688446738762,90.74417693044413
72.0,55.570760956856816,72.44928253413032
76.0,55.582872520147795,73.27570493966104
61.0,55.24095490357548,59.31804873189218
54.0,55.124670509460174,54.90831031573953
87.0,55.924675708070644,86.37203999870086
50.0,55.25202422862364,50.86034488167007
49.0,55.105781245074006,51.99128866770511
58.0,55.28850876358954,57.40711164853971
36.0,54.69621075798344,36.448720445676855
31.0,54.690921199669674,34.1622031828385
58.0,55.19912989551374,56.35968592814246
36.0,54.66285230603465,31.91835056640342
53.0,55.21464507952884,50.91706339935982
53.0,55.08133149556712,52.257554111518964
46.0,54.99117021653456,46.34505340001655
50.0,55.18085331762848,49.420879495397465
80.0,55.738587425285594,81.57657054010184
68.0,55.49908661114265,66.29590402150481
76.0,55.73103097274344,73.50427424758402
48.0,55.07155027933826,47.767244191161
50.0,55.06308372322531,50.35004481186732
52.0,54.993942709925626,49.77094519927503
44.0,54.962646629622256,46.218613093071
37.0,54.85165180271739,36.59978238073048
48.0,54.97420534737496,45.61672990390777
36.0,54.76618143751215,34.47852972603626
55.0,55.0386014997685,52.09992955349959
69.0,55.58276104288858,70.44514998663222
25.0,54.42728136919129,27.006176205587366
57.0,55.300508849621295,55.06657861850123
93.0,55.99620020869185,87.68212983756345
86.0,55.90042010753876,87.72458452567773
82.0,55.89989824088428,80.89468134880337
52.0,55.24315828393648,54.60874541439382
67.0,55.572820386008665,67.917780733825
50.0,55.01766684824496,48.47787132446334
49.0,55.008782471622325,49.50820875672533
61.0,55.27418049493933,58.57179302356888
46.0,55.06619943263444,48.642945706598205
61.0,55.385758485785416,62.448198598876935
52.0,55.16082804376283,50.03196056609375
21.0,54.514299670501885,20.61487954154355
44.0,54.937547329743545,46.15814333427011
26.0,54.64119054825741,25.438788806523213
26.0,54.4914251254132,24.35064138838279
59.0,55.294378534454275,56.9339951676894
47.0,54.93296046206102,47.67116197702099
84.0,55.87849485406899,85.18678933358349
38.0,54.90788184836462,38.89088602969846
73.0,55.62895522188846,73.20252459388838
90.0,55.9493121754381,89.1654999501325
72.0,55.563592793367974,73.62475324433854
44.0,54.985527068594756,44.47359501355834
63.0,55.31526593960222,58.63327220087595
87.0,55.962682316092014,85.50479889389884
57.0,55.36459131745314,58.51619527146434
41.0,54.95659309228719,41.814339760228364
71.0,55.627073674219815,71.48232742057452
44.0,54.940626166385066,45.72947875068156
58.0,55.30075390448169,55.86411941695407
92.0,55.987156391418175,91.44591057647932
47.0,55.106188691975696,48.89885395277835
45.0,55.059608539203005,42.03360438479358
77.0,55.637339106285644,74.34825822827004
50.0,55.29228440587517,53.03908604118925
44.0,54.76655640156723,41.37438817984298
60.0,55.3443268826109,62.440562129946386
56.0,55.3670286620503,58.86821011816248
47.0,55.04305550686609,46.11453361368832
84.0,55.809466035044764,81.68890533723899
90.0,55.87256379481419,88.35896167480546
42.0,54.90625124944017,42.19923769260326
74.0,55.643727801311286,73.75854698507953
56.0,55.30231067696442,57.05576075243009
57.0,55.30067418415616,56.68366203488523
46.0,55.10893685954749,46.14915630534975
77.0,55.60178316785967,77.3908146705527
47.0,54.910322135455345,44.4792560610052
36.0,54.86572463400254,38.75165197385802
59.0,55.24682467444021,58.68455068726255
67.0,55.526261607665006,68.20794411241938
24.0,54.618291677349454,23.345949250311023
52.0,55.04643253862741,53.07356362937903
90.0,56.02141983110385,92.84447775111292
48.0,55.04479310332558,47.04803260371861
93.0,56.09354297621149,94.34145663905176
57.0,55.0340943524115,53.58378315920151
51.0,55.1196946357081,54.64380720269066
63.0,55.33592967321549,59.9828417216756
37.0,54.81783050936067,42.30926288378384
67.0,55.58437320987756,64.91952075566037
88.0,55.95683392855299,86.70098151267595
81.0,55.858278382618586,84.49062232007827
35.0,54.64526437676616,33.114965483787444
15.0,54.42025127192448,15.577044115964043
79.0,55.79411324307097,84.70428496064909
20.0,54.3839822603626,18.201624745428262
39.0,54.828431099117076,40.34475452810252
26.0,54.58826445821382,25.77177118477285
92.0,56.03836331693773,93.1465401489539
54.0,55.248926951149976,54.84744935580228
49.0,55.02580567778175,49.6207268771754
33.0,54.69118174397196,31.585639349202303
37.0,54.72565776456809,36.609801263638815
26.0,54.602758061398895,26.215218633382648
71.0,55.577742402485086,68.40564830714003
44.0,55.037686228226804,44.503872533367975
31.0,54.56227420371601,31.629934668276693
35.0,54.73068088469575,38.90015068793538
31.0,54.66218943066458,30.007815822540337
48.0,55.097964248229566,46.38863203586255
43.0,54.88674489973542,44.164645247919154
45.0,55.035536705141446,45.959722723649406
29.0,54.63705542246193,27.828413186814704
37.0,54.896661230796056,39.97767679473539
48.0,55.04824691291886,47.29391497814227
18.0,54.47206273581428,18.45639768641115
74.0,55.71280458372734,72.51093736460903
85.0,55.87444239998928,85.27192226531659
36.0,54.85588508077387,35.400205570967856
36.0,54.8050133040482,38.52579910065711
86.0,55.90870583967495,86.71951822301855
64.0,55.42248513311814,65.15350114641353
24.0,54.47439602536997,22.24859423825879
44.0,54.945314137718825,44.53289849868317
39.0,54.931087062523034,38.95019796667299
56.0,55.193880152461155,56.966723853749436
76.0,55.688386591154156,76.65969929886847
46.0,54.989518234284404,47.911938440423825
22.0,54.59245792100913,22.152897255923662
55.0,55.33177317299097,55.151158796754245
37.0,54.75875489416469,33.65246428088524
46.0,55.04403206679785,50.94006114035362
35.0,54.77710680245448,33.1170989785206
63.0,55.51104688191323,61.170725077105025
36.0,54.88998318592468,36.372167089876584
55.0,55.12917765681717,53.282214838961295
70.0,55.68042269171031,72.93124490664599
83.0,55.9103578219251,84.13540425656822
64.0,55.40849202215851,63.00754907790956
42.0,54.909478436108515,44.42182699160661
69.0,55.51200795240309,67.79714668344552
68.0,55.63438284642425,66.51038784899896
18.0,54.348665482913205,19.38727575307287
56.0,55.1585449430763,54.03932228101253
69.0,55.5409544667623,70.20522755411478
34.0,54.73094438038829,33.49186055230075
44.0,54.93709263646626,46.10596425106918
30.0,54.66824002550608,29.047480981989054
36.0,54.68275500312018,36.24690793600351
55.0,55.2338480284767,56.13873103200024
90.0,55.90907786123646,88.81435038106301
34.0,54.82711643900117,35.51771754609459
28.0,54.658118544649405,27.234330128410978
31.0,54.66936053664699,34.12748530402531
34.0,54.729906532066465,32.09333272546067
59.0,55.20931855864429,56.74118527901506
82.0,55.8934084422074,81.13501834193144
61.0,55.527397617144494,64.2234811149397
46.0,54.76903659372231,42.50330113750075
62.0,55.347160664392035,62.464733979247605
76.0,55.73614265847068,74.99121355556522
20.0,54.40392486251248,19.07631548138456
50.0,55.00939954804423,52.74817462235873
35.0,54.71962265916849,35.14783762612102
55.0,55.310968430662115,57.71292619606228
66.0,55.4928234353907,64.71895927091019
57.0,55.406022920627656,58.7296792174088
67.0,55.56860259739408,65.89927590216232
47.0,54.867757474191585,46.345283034021875
71.0,55.676045462444684,72.42700012188466
25.0,54.546958374313,24.824611429406524
59.0,55.3230327475775,57.27407634393278
78.0,55.643067868434784,78.70887223503689
76.0,55.68406769888834,76.10661142119957
64.0,55.50328007393795,62.231191091237676
38.0,54.74312017456289,36.49198582475137
53.0,55.215102715299686,54.31787857759483
83.0,55.825709772740986,82.12415654844821
36.0,54.61158409212502,33.97335765694646
75.0,55.621363344006134,70.98383713703194
67.0,55.54584767769528,65.36644892780205
34.0,54.74602330306156,33.05255029760226
30.0,54.65646361100901,31.422482207040556
92.0,55.91217808120369,90.42433973113592
54.0,55.21502299497416,54.921625748777274
97.0,55.97481820520227,91.88472509310176
55.0,55.13558478377828,56.08441848124986
72.0,55.712916060986565,76.14258924484831
74.0,55.62258201630472,70.20297421346491
78.0,55.776049246096164,78.38086610122154
24.0,54.494442682561335,19.691446097791896
45.0,54.85308010453618,42.040758461328785
38.0,54.71210090605361,37.103626015205755
53.0,55.25259334165371,58.07848076105438
79.0,55.8511869969617,78.2055417618332
65.0,55.52150940544762,69.04125934012188
72.0,55.71506110434775,74.5281716107371
56.0,55.211034771778074,56.60839552389147
42.0,54.80850692890265,42.03659326315472
44.0,55.1131517056685,43.2460592595459
63.0,55.31262335540584,61.8861398256215
64.0,55.39597301196585,64.77465569607318
28.0,54.57820720824078,27.44035747827398
36.0,54.8921725242712,37.47515782201391
65.0,55.29440286027355,63.323995501148374
51.0,55.13874629213557,53.54264647351009
51.0,55.1401244050852,52.894935955821445
60.0,55.359222038813854,56.90567028590646
74.0,55.66809783049264,74.967534049309
46.0,54.93597506781891,46.49553076220618
67.0,55.488384917735004,67.98287862976437
72.0,55.54009527797358,72.0017339584414
55.0,55.29298709650641,57.314620970378904
54.0,55.09833921228464,53.11102303384807
45.0,54.82534931108531,42.13072241000549
31.0,54.740347681171826,32.605843851024844
52.0,55.22475107094361,54.409543425933606
56.0,55.29228440587517,53.03908604118925
46.0,54.98769502361557,45.121584719843916
50.0,54.99168914069547,46.64772428346391
52.0,55.15944993081319,51.54039780837064
70.0,55.6068358194437,70.39464440249593
53.0,55.42053201325462,56.25048904916028
53.0,55.23107553508563,53.34648754975575
31.0,54.73871118836357,31.84878117455483
28.0,54.644143865625246,28.037271237387355
75.0,55.83942902329677,76.52933421361595
53.0,55.20518049035524,54.94028861316935
33.0,54.63437891688818,30.41191232122181
73.0,55.729213655958425,73.81584664939837
63.0,55.46353882084733,60.82672755838753
59.0,55.356013284080966,57.19884656842526
37.0,54.90510935497355,35.44492168185866
59.0,55.40036573067338,61.908869558544794
70.0,55.64408139093734,72.71500758965604
46.0,55.003447114360405,49.05052949516243
62.0,55.3011104366013,60.50303883994191
42.0,54.9697107469663,39.131349154611925
50.0,55.0640573406635,49.236150078314175
58.0,55.36421929589163,56.61473286287566
86.0,55.87115392493086,87.10730119567482
41.0,54.9113570412836,39.895461946980134
84.0,55.79185967384081,80.63584320827218
70.0,55.45383211930691,69.51689459014187
77.0,55.75125333807766,77.9686225377269
52.0,55.33726797090395,55.516436001823614
77.0,55.69202122472419,76.70162657450742
34.0,54.657003918495626,32.50080294747437
35.0,54.67963635121749,32.52637400553901
40.0,54.800636074782574,38.14608033000904
33.0,54.8259191500283,35.28162033840795
43.0,55.122493718061975,45.43911383415529
29.0,54.8147598208498,32.83014756209987
43.0,54.97386724719081,45.45848651426138
61.0,55.364078287176035,61.112610990898744
60.0,55.390425073793466,59.62750724013098
83.0,55.79283033988876,81.55817326077683
75.0,55.84537851448703,75.54019019888685
20.0,54.494114955985175,22.89696786629964
27.0,54.58696606558971,27.16692276673321
82.0,55.828046013686915,82.5020928442841
41.0,54.80824049071656,41.10187953029507
63.0,55.27896445409041,62.692223161821204
70.0,55.514258579139685,65.32717496692989
65.0,55.404764343264716,62.603089838893275
90.0,55.983309176937674,88.31306489435522
75.0,55.632568472132796,72.41765591699496
56.0,55.26036014962899,56.425165135254126
62.0,55.370737900111955,62.95237108763428
81.0,55.79516658083469,82.46405579612379
93.0,56.09002787822815,96.47914791934485
23.0,54.59273473280321,27.269045090886195
65.0,55.52090781846762,63.71402496510383
43.0,55.01497407517942,44.705174477265984
70.0,55.34025893908929,65.04243509556592
54.0,55.14409713883939,52.87207232632764
59.0,55.16811062700445,56.88651352094481
65.0,55.36125487900289,64.45777233788652
84.0,55.880477505388875,85.85191312823198
69.0,55.63574546993198,67.92675742004391
59.0,55.0846229131191,56.00286682773847
65.0,55.48301268770547,69.06279429115357
42.0,54.82828419651768,41.91714897396295
72.0,55.692973458836676,74.21487022798217
30.0,54.729534510504955,31.091290362639956
39.0,54.79544466872981,37.64191472143748
63.0,55.391380250399514,64.2983428100476
88.0,55.86969019777189,85.83419336012497
38.0,54.74554202971816,39.65561050332788
61.0,55.382365964582206,58.87348392318738
62.0,55.372898432915036,57.87618512077583
50.0,55.19782112928165,53.58923499130155
87.0,55.98324494605405,86.80955875069206
82.0,55.71277505227097,80.79677820548815
50.0,55.2435945452783,51.540704745957925
43.0,54.94322295163328,45.73840317435926
55.0,55.25752636784786,56.71880247119733
97.0,56.0771339039804,91.29524976124847
93.0,56.010712243812385,91.3578898186854
73.0,55.58692497422751,73.15063321794443
45.0,54.941240300313396,44.08521853829567
64.0,55.373838120079185,64.28135009814082
40.0,54.837269676791536,40.130507184871746
43.0,54.965563083119164,42.938082230602355
19.0,54.50715289033875,20.526143664427018
68.0,55.542609400402704,66.54135609850738
71.0,55.66624875677393,71.43632305950074
16.0,54.34453330850796,20.65456969579821
94.0,55.884628111729576,89.09342135383957
74.0,55.639848112880856,74.06023985697124
90.0,55.93980777100333,90.4860151456316
46.0,55.14840719472783,46.65058941051629
68.0,55.53111491353363,67.57515309061517
29.0,54.63929645364043,32.085991794616554
53.0,55.240824994380795,53.258875006198885
39.0,54.926627161541624,40.918185031447514
56.0,55.21786483508277,53.983391557355674
69.0,55.67730698230119,73.8562576002142
46.0,54.800221196766465,42.746267799866715
89.0,55.98023034029615,88.04288645656234
30.0,54.78384908710617,31.750420322730918
27.0,54.64896029872626,29.197828958297343
20.0,54.45007619395445,19.924528328674768
43.0,54.909558156434045,43.31346607739891
38.0,54.780257211290866,40.915095970661866
78.0,55.70153600276695,78.63506854580534
85.0,55.84377672110603,85.12107383059549
65.0,55.46255116139467,66.85420965226149
50.0,55.05982406260703,49.94566186698803
52.0,55.10179302187792,53.98826646947014
61.0,55.37333468536018,60.945848112346084
60.0,55.35120274486376,59.16270578806889
38.0,54.80261283221865,36.357707707506854
46.0,55.1693905876931,53.915152918401375
41.0,54.872730405450085,41.27355680624345
39.0,55.023253913431795,40.80349405080114
38.0,54.7650269960972,36.24356059764975
39.0,54.82559142345213,37.4080445826216
63.0,55.4776330354582,63.10577005591139
82.0,55.890559170984375,84.35184205515385
25.0,54.578308311892016,26.166570593643783
73.0,55.61599406536685,68.64791612668803
52.0,55.047730931251515,51.856542964319864
25.0,54.520114046860364,25.738767579672235
72.0,55.811799333497135,76.01904201487608
68.0,55.387767000155186,64.8703074834356
37.0,54.81063802005255,37.76777615680564
27.0,54.54608586052604,24.6174520402035
70.0,55.525875544089025,71.80049567152655
64.0,55.49515967633663,64.56733027919842
22.0,54.504282235790015,22.477566106405824
48.0,55.04063954559463,47.05062409918281
30.0,54.7124256901362,29.37619717649123
19.0,54.43252816975031,17.919521110459605
41.0,55.05962697113847,43.8611943354531
47.0,55.06234112752972,49.32957919323564
60.0,55.474351991514204,62.59326987208004
28.0,54.698804600738086,29.214031931681717
64.0,55.497511406724456,62.29821320184826
61.0,55.464076176943706,63.729313284712234
67.0,55.625657910452674,66.90016385061594
65.0,55.49613329377482,64.14814497103667
84.0,55.86404704983208,84.08713275017821
53.0,55.16637598193521,54.258577277114945
68.0,55.60443534761414,68.12919617684027
38.0,54.78468463832234,41.95354411006667
69.0,55.51859296084739,64.18951597406942
89.0,55.777541778798586,85.60916276649138
78.0,55.76239128393044,79.56932761027997
51.0,55.110158474339634,52.18007178102421
57.0,55.214442782423184,58.80266868418153
57.0,55.205926037441074,53.108814646130604
44.0,55.00401400191314,43.87687755866102
28.0,54.675046541041404,29.072652691242084
21.0,54.49359603182427,22.462087305176304
23.0,54.50820917059603,24.798186763705658
62.0,55.40735307018546,61.53960424875349
24.0,54.52915786413405,23.76098207454359
60.0,55.48152015500305,61.53673486545624
71.0,55.53656174805477,72.5908108506102
53.0,55.21474912567364,55.66312618791824
25.0,54.55759877933058,26.845243673678837
74.0,55.65418443985855,71.28818488478197
28.0,54.571094349455,29.574082803346872
24.0,54.50671958038718,22.617176635336904
58.0,55.35838128196059,61.30710104740568
74.0,55.7596985108649,75.8504139622767
69.0,55.65988144507399,71.65133165887144
79.0,55.828027581751456,78.89197744413157
71.0,55.67558782667384,68.20987490400695
79.0,55.644784081568574,78.40390850939198
68.0,55.55798356680553,72.05684428090879
51.0,55.051618050796364,50.51219832927361
50.0,55.1832877108354,50.39312848904914
66.0,55.53905448715819,65.58059671448359
59.0,55.367366762234454,59.8551552057029
61.0,55.26263510218486,60.816736140723705
57.0,55.435988851373224,58.90896108231604
81.0,55.850652583358894,81.52825167733926
79.0,55.706612980170256,78.37368488616875
77.0,55.74624275600165,76.20513722793442
76.0,55.6495178518505,74.75447143351477
85.0,56.005004864988955,87.8982748439324
83.0,55.86707714503187,79.38693371408523
46.0,54.945718633230264,43.75712409803426
34.0,54.64086576417482,33.16103797101583
43.0,55.047190632661575,44.27326737443637
60.0,55.29673320733566,60.07771551817696
58.0,55.262696390574924,56.75092696709912
38.0,54.937869162435895,40.12575185320827
53.0,55.239119154855,55.92741148628497
51.0,55.28002593998479,52.87111323360398
44.0,55.07835385238002,43.91306124762259
72.0,55.58852971010207,69.60213318774393
68.0,55.528518128285405,68.61810284306178
71.0,55.57315553480257,71.0669575426225
31.0,54.825753815493435,34.09655111824096
82.0,55.773385278574075,80.97940180785818
42.0,54.88646808794134,39.05484517658534
73.0,55.799980071442135,78.20730473876421
67.0,55.58682898641019,67.56740831186923
56.0,55.222955137484306,54.8806585365864
30.0,54.579883516310204,30.96615105962526
45.0,54.90662327100168,43.341697606237254
43.0,54.831139361624516,42.57287038211261
38.0,54.791911138811,38.16101622602265
72.0,55.66370727622878,73.96091802506086
84.0,55.85695860666877,83.89076057740962
61.0,55.35008517621641,59.09048322214003
43.0,54.97869916973373,43.750203154165625
63.0,55.36546677373366,63.66178449869156
68.0,55.66782101869856,70.01238922310375
76.0,55.74685472548632,77.43905865649444
48.0,55.02353072522588,45.69104782317486
45.0,54.97386724719081,45.45848651426138
34.0,54.64696215796448,30.393238526374525
70.0,55.61894738273468,71.61247900565613
31.0,54.746996920499754,31.337591541990903
64.0,55.60970647399244,68.19661172257925
37.0,54.74102604598379,31.123405220838457
43.0,54.87370696538184,45.19555249063344
61.0,55.185240830698916,58.799174368465394
18.0,54.4703465226805,18.765289707149122
74.0,55.59580935085014,71.8360535345738
67.0,55.45337448353606,65.08910850155536
50.0,55.10887852254767,47.49859826026618
59.0,55.3881501212376,56.27985013207797
69.0,55.37084194625675,68.16050003039905
86.0,55.89103229619712,84.04050213485483
43.0,55.10149777814837,46.055393081845494
70.0,55.58958599035936,72.91767821288728
87.0,55.84230556283264,86.93090220359431
38.0,54.72535142131764,39.26710364700517
61.0,55.38257854549266,62.176079747603204
78.0,55.737257275727785,77.9786737799362
29.0,54.77867906437911,31.520384095198008
42.0,54.97273124660801,41.588847845001126
85.0,55.83565338101114,82.00374087775788
72.0,55.5753662564748,73.53884688260331
52.0,55.09127215244703,54.00839075741065
60.0,55.31114925463888,56.98425133147279
40.0,54.83042923987886,39.60004732739405
40.0,54.81547288508903,41.19794826953409
62.0,55.33568756084866,64.86792774780437
61.0,55.419497107426366,59.92507191033463
80.0,55.81250202412837,81.90192944945255
78.0,55.70539430787167,78.69595411617979
79.0,55.860135604467956,80.04440892240837
67.0,55.4012411869539,67.02719325023662
50.0,55.05655107699051,48.53917869440019
75.0,55.741346602575106,75.68636429215138
74.0,55.74209214966095,75.07852439452108
72.0,55.688322360270526,75.45330129367316
53.0,55.01057840508164,49.0830305784609
60.0,55.23556424161048,56.11425582639086
72.0,55.51058404050529,70.16742956405731
65.0,55.57874849387321,66.17066310240781
41.0,54.87792181150286,41.75690942427181
51.0,55.19608353282216,53.192096801906516
42.0,54.94811616256626,40.231399264858894
23.0,54.499631137223865,23.43223703399542
68.0,55.56179096602485,70.85554355382382
34.0,54.7546471353819,32.49154526888492
87.0,55.90387391713204,88.04580912043717
45.0,55.03741235892628,45.19399597026251
65.0,55.36978566599947,64.254263712154
36.0,54.77099491922292,37.49088670055034
66.0,55.47600691625792,65.42202494575055
72.0,55.53957635381267,71.32656803711168
31.0,54.72426338412666,32.213981385631946
55.0,55.204919946052954,56.529828785414935
28.0,54.61579304436223,27.074501564405452
43.0,55.01844337421459,42.43219360612907
77.0,55.73944956546456,77.24975227281287
80.0,55.87422981907882,82.08688366308328
52.0,54.97604109609544,48.459404941190506
78.0,55.774665239262724,76.51148850184799
45.0,55.06680102851112,46.165598389478376
56.0,55.12882406719112,54.829006821402416
53.0,55.157924915264154,53.88519213669782
45.0,54.85618032450341,43.6454999293876
49.0,54.93010529695418,47.35824284888948
43.0,54.90602462651524,44.19227692223238
73.0,55.52196999260871,70.97934364274576
42.0,54.92453892684633,39.50117588140544
85.0,55.68055849478881,81.29770655555788
35.0,54.84061200912559,37.657362727868275
35.0,54.727655905329875,35.58929031856575
40.0,54.880856696935226,41.37469304999269
77.0,55.77079360915977,75.2923637488304
53.0,55.191543911515225,56.898478017402624
24.0,54.58419357219864,23.172100168757005
57.0,55.1987763058877,57.66259414332919
47.0,55.03996118078267,48.2186840311227
58.0,55.29141189208821,52.95006574290507
88.0,55.8892149794121,85.28769124550902
75.0,55.76784029179194,72.4225310617496
30.0,54.5960157767472,27.82888114652836
82.0,55.800744050463436,80.17180293587016
19.0,54.62829362261943,22.90019762321441
44.0,54.90894108001215,40.827498592896866
68.0,55.66722237421212,70.47198041670455
50.0,55.042960297098666,49.398914679446044
65.0,55.321513625912274,63.162602805731765
43.0,54.899018855067695,41.018169797594716
63.0,55.38997038051618,61.028076579040274
50.0,55.16352081682837,54.227327177067956
42.0,55.038465696690004,42.70088672286957
45.0,54.71731074404184,41.08774987643611
74.0,55.57507395523882,70.84203369458425
80.0,55.77578280791007,76.9865490395682
38.0,54.8171144937312,36.246775816913754
42.0,54.84349597977588,44.04469379792154
77.0,55.764482470015984,79.18882831517615
76.0,55.695554754643,76.39268492159812
71.0,55.57800884067119,70.79409273914384
86.0,55.89145011670679,87.18147924803193
74.0,55.77067407357307,73.63874761291133
23.0,54.52139105615877,24.29692239311141
49.0,54.9959039779198,50.277074151476
83.0,55.822615446657565,83.78407318141771
41.0,54.78195499248919,38.45028153967873
45.0,55.067252770398156,46.570009683807974
63.0,55.34696946680728,59.39154445619877
82.0,55.75524450376731,82.27878301541752
21.0,54.39979268810724,19.9210259074894
77.0,55.70800441811812,78.1828318740862
90.0,56.00379208657418,90.49642328398761
42.0,55.05321984417736,41.31612984183578
50.0,55.148572529262694,47.69864347238118
41.0,54.98043676619322,44.03256533098041
60.0,55.44328987544699,62.33139955449343
71.0,55.58437615237112,70.34372470056195
63.0,55.370059535299994,63.92261671297022
45.0,54.84494127499939,41.65536948421374
67.0,55.50240756015099,62.772504391141474
51.0,55.172859886728276,51.09118351097897
54.0,55.29256927599673,56.254999357265504
32.0,54.68876578270051,32.2889665298951
43.0,54.90833948413546,43.71240949603271
18.0,54.44505012243655,22.529539596341394
62.0,55.52859490611737,63.22481527014872
42.0,54.914973234021495,44.70370568696254
39.0,54.848987835195295,38.72674427014128
51.0,55.175275847999735,50.42131590506357
83.0,55.819986904475655,81.33293239724887
35.0,54.85931750704144,36.066794069189214
37.0,54.83800932999357,34.89349689056333
58.0,55.129880347448406,58.00165229226792
57.0,55.2463057502793,58.49834454004265
62.0,55.395161786568956,61.442580515350436
57.0,55.2162387158825,57.906770169946135
47.0,55.083729024903114,48.03105342538671
38.0,54.861506845387964,36.379152458744656
62.0,55.28150593463556,59.8401812481151
53.0,55.271227177571504,56.471546865998675
41.0,54.84954657461738,42.901106883039
44.0,54.88373029397753,45.192168723752985
37.0,54.89304798055173,41.981878698770565
36.0,54.71261688772095,31.581262703350422
63.0,55.38280221702734,62.40350203913601
82.0,55.814896602074114,79.7380998878545
84.0,55.942883665151285,85.28697811050682
54.0,55.162584072157784,52.556572750123735
80.0,55.74857899694758,76.80259845255058
54.0,55.07218068075839,52.117526316704705
59.0,55.25275867618858,59.37374386058653
51.0,55.113548053049286,50.49634626883614
45.0,54.98891369591416,45.749751281876684
65.0,55.477845616368654,66.21888004716956
64.0,55.45548410155706,67.45486324926614
59.0,55.37190638354138,56.31954133780586
41.0,54.8542434721317,40.9591005744902
55.0,55.21390542632681,55.10740781340193
12.0,54.36749346780599,17.132276343215636
70.0,55.58848391115391,71.03042211195502
69.0,55.437502767401355,66.67881557564719
47.0,55.16481626695891,47.5641677761879
56.0,55.249320356037195,56.61118136210209
69.0,55.577128268556756,71.39557736099898
81.0,55.83211985109234,82.9908980105775
24.0,54.563050729685635,26.488678659702465
63.0,55.52677758933235,63.55412596154789
68.0,55.4226290843273,66.12421144762774
70.0,55.62186677872515,73.95099272214438
49.0,55.16992500129591,51.283004955656615
42.0,54.897861471159175,37.436531951670915
40.0,54.89252905639081,41.59729069914918
72.0,55.650030882127595,71.48044259036357
28.0,54.64404276197401,27.615200216905073
54.0,55.150259210940106,55.11067854207622
48.0,55.163164284708756,49.60851484628758
42.0,54.8694707448318,40.980544584680175
48.0,55.05599823145224,47.958687115671914
41.0,54.838991783809135,43.18051102934626
38.0,54.84292686674581,37.53166559992529
93.0,56.005382780434275,93.02058435796236
33.0,54.586950576147814,30.44076680406007
66.0,55.56209730927531,68.4211434120127
50.0,55.07036336397338,52.162259649463316
62.0,55.36728409051868,63.29093983631542
73.0,55.63543912668153,69.65828220342517
61.0,55.3867107198979,60.965453375927076
29.0,54.697647216829566,25.50415100982042
33.0,54.72265864825209,34.614190393905645
88.0,55.88430333654366,87.50487841165092
56.0,55.150065061965115,55.05345122520156
47.0,55.10757717853331,51.16690021576394
73.0,55.739510853854625,73.30915379003464
32.0,54.63049179734333,31.898264051200186
54.0,55.31197452205024,54.20293168499199
78.0,55.74372569107896,77.17322305696204
23.0,54.60527512632159,25.0284097247946
71.0,55.63620310570283,71.33629457181597
41.0,55.13431298011697,43.986604402894386
77.0,55.773013257012565,79.00146042758568
86.0,55.86069434389004,83.82586258774741
80.0,55.82882843354036,78.59770098896183
96.0,56.055371033655256,94.36523602105828
25.0,54.57634409250759,28.81132050324978
70.0,55.54244700836141,69.56459730514138
90.0,55.890851472220355,87.28066621093961
66.0,55.45171955879234,62.0025819384193
27.0,54.66882023805705,26.497026650177112
69.0,55.6279786619567,69.70754063648698
49.0,54.98123250214822,49.08913185732745
37.0,54.6845723199052,36.59429920150661
40.0,54.801501157455114,39.510431773619864
41.0,54.90087901941064,42.37482515700559
77.0,55.79253509615921,72.81194015561125
31.0,54.6817142123048,30.091641865458424
88.0,55.91217808120369,90.42433973113592
41.0,54.966962579394504,42.04999757614259
76.0,55.737531145028306,77.25323998436056
75.0,55.73407733543503,77.67798442354858
81.0,55.869253945326754,82.28521366010797
46.0,54.826214393757844,43.07181817437248
37.0,54.73030886313424,36.03204431526714
82.0,55.84980593262182,83.02857365331596
73.0,55.61309899519566,72.70995675205023
52.0,55.25335437818145,54.17835147262527
36.0,54.697429430282014,35.74063390333922
41.0,54.89253495027463,44.400475700906625
48.0,55.05860539030844,49.940063171810486
64.0,55.28551258976711,61.46637350471271
30.0,54.667958097878085,29.527834780836034
72.0,55.722748191997496,71.82188850638232
46.0,55.01094005303516,47.54214380845001
82.0,55.683926690172754,79.71379021707492
36.0,54.81036415075203,37.877362255560605
46.0,55.02892138719087,48.650555134807334
44.0,54.74064292490137,40.90010993218328
23.0,54.50543667720497,21.633584207651978
71.0,55.46151920695666,68.87981266699754
63.0,55.27513862293562,60.99646103697856
31.0,54.59282034701255,30.90018652801398
52.0,55.09402621390264,55.41812811642228
47.0,54.92768933568272,47.571699031195095
59.0,55.36663525716308,55.66921705700058
97.0,56.04092322941835,91.04516150191927
63.0,55.55467371731809,66.21902212111476
53.0,55.25706873207701,52.80663315172336
51.0,55.19848106215815,49.64497074490886
74.0,55.693053179162206,73.9670427592969
40.0,54.884243324254626,42.66225716269446
90.0,55.969608367214036,89.70007424557515
59.0,55.31088871033659,58.69805272948785
76.0,55.70229998178825,79.95529368094412
34.0,54.880478781489906,37.244423467385054
51.0,55.199718166392195,51.74579999953956
47.0,55.00962322847559,45.46741106545348
40.0,54.85817040693772,43.39546597842896
67.0,55.589481944214555,68.34502539106052
64.0,55.426178103687995,63.322048937431035
54.0,55.05118474084479,52.6586342943288
69.0,55.61833030631278,68.64572779081635
75.0,55.736493296706485,76.86758770392458
86.0,55.9704336346254,86.24397550585425
78.0,55.68770822634219,78.263004190457
47.0,54.875524282166865,44.60309889334829
16.0,54.36861103645334,15.81367591982648
84.0,55.94673087963178,88.32504778669588
12.0,54.347529482330394,14.383563049386218
81.0,55.83331714006521,81.74981358037795
54.0,55.38409766715789,56.65435735602725
79.0,55.86065452862887,80.45888646216761
57.0,55.25483653727588,57.160007984733355
38.0,54.75693757737967,32.96053949626379
19.0,54.41793935679782,21.615960040075258
32.0,54.65983770027676,32.736202955910215
52.0,54.990654234867215,50.7791978983827
30.0,54.601557821035776,29.605095385021674
36.0,54.76588618488592,34.27450320982638
59.0,55.354754706718026,60.696420994699025
25.0,54.52364757677917,24.600633821548683
50.0,55.115506378549895,45.88425582662871
60.0,55.183777103539946,58.11437928362384
77.0,55.781216317432985,81.02724533449506
40.0,54.751491520908424,37.398803737324286
47.0,55.05022367035493,44.46067171660021
48.0,55.097657904979116,48.508409467140304
78.0,55.745045467028774,76.87633490006752
26.0,54.512426959210615,26.221512374481147
68.0,55.55115056100727,69.49095741161359
25.0,54.6964499278567,27.305689349301446
18.0,54.578449320607604,23.413366601477705
58.0,55.381601985560906,58.18562838272582
54.0,55.16085980069652,53.89138883793531
69.0,55.63741588411761,67.79300059438522
61.0,55.31797420210966,60.9308044234887
30.0,54.603522040420195,28.476011925183585
41.0,54.99029476025404,41.04418574105617
78.0,55.83044354302291,78.46668875341838
45.0,54.7612055548634,42.53339247497508
32.0,54.818293350768606,32.65957246445494
60.0,55.39216267025296,60.11667783635862
24.0,54.572435598533716,22.426542582479556
34.0,54.7107198506104,34.00831985680203
62.0,55.60388250207587,68.7194538599786
63.0,55.327982041263446,62.1061682212723
34.0,54.90614720329537,36.93378292974456
69.0,55.600348972157065,68.75528626602555
77.0,55.651872524731886,78.03350605845083
44.0,55.02447552822394,46.57946759778518
29.0,54.79636809729884,30.681680527414496
60.0,55.35027637380116,61.09280764599396
30.0,54.65355010890235,32.39468188139407
75.0,55.720704252287554,75.32989692211032
45.0,54.88500730327593,43.627983460605755
46.0,55.033713494472615,43.07668847703235
73.0,55.73244379401702,74.92925365232665
44.0,54.96913642829914,46.50914652675832
34.0,54.832820875331045,32.25162184481454
23.0,54.512070427091004,22.298371311204207
32.0,54.76572674423487,35.45022013697921
75.0,55.73176247781481,77.56584971599523
74.0,55.600042628906614,70.57608031770198
48.0,55.12952087283523,47.707076318804454
21.0,54.53771746557076,20.673455078046125
46.0,55.07033455842993,45.61461613262332
49.0,55.11524877674117,52.54119140966326
50.0,55.06412157154713,50.85734408549801
54.0,55.12484839094337,48.1174351711205
31.0,54.626857163773295,33.46546342745975
37.0,54.82228451645826,35.9861941947709
35.0,54.84993558958361,36.512982872901816
75.0,55.708571305670866,74.01620090056909
39.0,54.79763990096014,42.00496784393617
66.0,55.43310415481002,66.84030030039872
64.0,55.453908897138874,63.09820840912569
54.0,55.2443585242996,52.7047477423272
44.0,54.909622387317675,45.30597651331464
54.0,55.196876326283586,52.934371513079405
68.0,55.530252773354654,72.13587523040536
47.0,54.90946294666662,45.660368763173224
51.0,55.0158679633954,52.57374515977355
80.0,55.800642946812204,79.91170886263332
49.0,55.15351592906483,49.97897205964768
40.0,54.714357426674006,38.258614519394996
67.0,55.44027231829886,64.91301748891108
46.0,54.95824801703092,44.96987584722378
80.0,55.79592761736242,78.1043275356224
62.0,55.3721373963873,62.608928419999955
68.0,55.55089218114865,67.05722648835943
41.0,54.89009760567746,43.96021189709639
50.0,55.17397745537562,51.48058565446902
32.0,54.72595006580408,39.19793923238988
81.0,55.83944745523223,78.52556043266384
31.0,54.66650242904659,28.4372360726017
22.0,54.64592136714909,23.510402644443595
74.0,55.72335721009192,76.25871138433843
77.0,55.50014289139993,70.43706356885527
17.0,54.420770196085385,15.394045660079371
26.0,54.49539785916738,24.59975864850449
90.0,56.04597068426196,91.3151090063341
68.0,55.59112649535029,68.32276428851985
66.0,55.480860222126545,64.86470939812128
72.0,55.55434893323549,73.17075508721561
63.0,55.40314117545469,63.862621396253815
30.0,54.648095216053726,27.1994584087392
43.0,54.804872295332615,42.78186917107185
73.0,55.79433102961852,73.04408613587438
71.0,55.51661914590489,72.19954023825309
53.0,55.13892711611233,53.349393774103746
53.0,55.23704345821135,53.98546792739855
52.0,55.15914358756274,53.81767305562917
28.0,54.590066285556944,28.556434925665965
61.0,55.45405579973827,62.64605716988102
82.0,55.82762819317724,79.84539586943406
83.0,55.73980609758417,81.68435161222808
91.0,56.03956060591061,92.76384086574726
77.0,55.6200892772013,77.67893106615293
44.0,54.862648739854585,43.07876889180693
44.0,55.03966887954669,45.54394023027661
63.0,55.40889651766996,62.13576550387627
57.0,55.17158581992344,57.633564812569254
48.0,55.02774851384046,47.37235652608993
66.0,55.469004087303944,68.17886882647244
64.0,55.45589154845875,64.49018642893974
44.0,54.89269439092568,43.40090582198809
55.0,55.29292286562278,55.618225184904034
57.0,55.32442712801893,62.048791413193456
27.0,54.61174354167276,24.583051582355413
22.0,54.499545523014525,22.119640210187008
70.0,55.67091534478198,68.71763982508074
25.0,54.63050728678523,29.41774865447535
56.0,55.17579771465421,56.79941538675778
65.0,55.619048486385914,70.93810739476325
66.0,55.54353282007506,65.7536724265123
26.0,54.55774568192998,24.74517217657666
74.0,55.7947702334539,74.59956764539777
26.0,54.716410961942046,30.020789314920794
60.0,55.26668755626457,60.26918893663887
43.0,54.934753453026765,41.160115060755935
41.0,54.91986644495447,40.032057430259485
42.0,55.00081562968492,41.93344409833264
71.0,55.64327016554044,71.069038227813
49.0,55.06134907815606,47.23257995028578
28.0,54.56069899929781,27.852760172515744
54.0,55.25647008759057,52.883953783887534
60.0,55.24170045066131,56.68556308103259
31.0,54.64896029872626,29.197828958297343
74.0,55.600106859790245,73.1457176051097
29.0,54.554669787782025,29.95023921735873
36.0,54.73506106535163,35.358840379180535
52.0,55.27965391842328,52.49541205792675
53.0,55.184163167115926,54.97110656744632
29.0,54.76243532668289,31.131857547483275
80.0,55.693431094607526,79.38018172813173
29.0,54.67470844085725,28.153460253347944
41.0,54.82220479613273,36.51550709327162
68.0,55.51349754261195,69.33171969254467
78.0,55.80153389253462,82.09983159044542
37.0,54.75471870757677,41.112509733193974
73.0,55.557283818667855,72.75738409822424
64.0,55.4710848997815,64.57065511332354
71.0,55.54397202391044,67.80404331577762
50.0,55.00429081370723,49.329910214300014
59.0,55.45637065735849,62.819691061454726
80.0,55.74763713644308,81.57090481190798
56.0,55.321071479583324,56.5793140304845
55.0,55.367172613259456,59.54851561992832
49.0,54.98747429457446,50.14371049085199
88.0,55.871651465766064,86.20760415806939
79.0,55.88346778532749,79.14929465078481
56.0,55.204321301566516,56.40565230426772
52.0,55.07503584586524,52.303760996338326
46.0,55.06569383347176,49.37340279944269
75.0,55.62973469035166,72.17124785640863
60.0,55.44147255866198,62.78580712646026
67.0,55.59900478058479,69.58593994197915
56.0,55.19336122830025,56.46157717055678
61.0,55.34239808856666,59.52285648189608
37.0,54.75570341563919,36.38422096908928
39.0,54.97378458437172,40.64971621211298
81.0,55.8751820531913,79.85713657460688
47.0,55.029645550951,46.77809345231178
18.0,54.41574412456748,18.567035367497986
93.0,56.00215559376592,90.80020016449207
73.0,55.56538872682729,72.24317166098795
29.0,54.58441724373333,24.989329953174476
32.0,54.82513378768129,32.87925771614174
33.0,54.68816713821407,32.858107258964594
57.0,55.21353045337506,55.8056744987557
49.0,54.97459875226218,48.16045289489443
92.0,55.99440427523254,89.32671203417192
89.0,56.00449183471185,90.39416072441392
44.0,54.995222670614275,46.03077447816029
65.0,55.41278953109862,63.278686719809535
37.0,54.67816519294409,33.81419769218792
58.0,55.23798020288194,55.3855244995751
86.0,55.90854050514009,84.78244583577353
37.0,54.8798343380553,37.83643512317549
22.0,54.56491384541882,22.79778653803465
41.0,54.995624223632156,40.09442382523041
48.0,54.9690353246479,46.69376458221615
27.0,54.587628940959775,29.172188400865444
78.0,55.86187320092745,79.83272661960751
80.0,55.78867973354806,80.87054596584606
80.0,55.80394985380608,81.44186560155008
70.0,55.41843562153199,70.40635888617507
31.0,54.57115858033863,30.40832970259481
26.0,54.55398552908625,27.57381737906313
64.0,55.392439482047045,65.29427445412934
72.0,55.75488207776389,74.09802913785954
63.0,55.37755247397475,62.63645750410845
62.0,55.434809994335815,63.14770956862121
63.0,55.31893233010596,62.15855057950998
67.0,55.553127318443345,67.35892037562647
74.0,55.673773452382385,74.18708562253352
32.0,54.82798895278813,33.511685597495024
39.0,54.78907735702987,38.008512738055124
47.0,54.96386530192084,45.765864020107884
55.0,55.26451370735994,56.46415012681213
76.0,55.70922309041671,78.42947105628092
49.0,55.159385699929565,49.9198207294657
57.0,55.26829229213914,56.75735498842431
13.0,54.30756160631485,17.356004703321325
70.0,55.617378072200296,70.48686621100782
56.0,55.23626693224172,61.38197146433299
45.0,54.94657565757532,45.19688476936163
55.0,55.23584616923848,55.158404316630026
22.0,54.52672347092713,20.82120109222658
32.0,54.80155655196136,32.51483796353699
52.0,55.16303876543506,51.95813960756441
60.0,55.2806489102905,58.195706901453164
37.0,54.786289374196905,36.67688471578648
25.0,54.52108471290831,27.804432987285985
17.0,54.400247381384524,19.21087737986297
79.0,55.73329786697183,78.35103297644606
81.0,55.844638861285006,81.09609505982786
86.0,55.88297318698586,85.70389861978025
32.0,54.69359770524342,30.932223232164088
21.0,54.48561664293853,20.633795616977856
58.0,55.45888772228118,61.03120946255956
99.0,56.041835558466474,94.89994567682805
94.0,56.02848689094145,90.94199414801639
34.0,54.66254596278419,35.02086902662411
70.0,55.658125416679034,67.85920255190226
82.0,55.79704518600977,78.21479995257987
43.0,54.94244348317008,45.659110377983296
71.0,55.74907359528922,71.30150363918924
45.0,55.12007775679052,46.43453639328171
72.0,55.684150370604115,72.20026127441002
82.0,55.759895602333465,81.54790469968133
59.0,55.27201701964269,59.202614231970365
74.0,55.72312021355901,74.60213885205756
32.0,54.71486008334312,32.158033643394546
65.0,55.27679354767935,64.60819689748749
36.0,54.64035273389772,35.758939147522135
47.0,54.94623755739117,44.80760559934248
73.0,55.760831568954146,72.59097200637574
57.0,55.13732238023777,56.39852579512902
37.0,54.66851977979373,39.40557496491448
87.0,55.919926457243506,84.7204973625425
60.0,55.376168467141305,61.61250035810995
39.0,54.6655664624259,36.697442517051904
21.0,54.50919387865845,22.733218367621433
49.0,55.023616339435215,47.86785442999086
22.0,54.479007218871764,26.872146169369387
24.0,54.54945994979379,26.100306026515803
62.0,55.27805212504229,60.26725817819903
26.0,54.58373887892136,24.62684617516355
84.0,55.93333641315859,85.01751142053567
62.0,55.36972143511584,63.131687024878886
37.0,54.79546605205551,38.15102464988041
31.0,54.58401569071545,30.58809758958644
73.0,55.79441664382786,75.423119608996
72.0,55.629114662539514,71.75575569439029
62.0,55.2822241147087,62.33847160284916
47.0,54.928349268559224,43.673099466665704
59.0,55.435988851373224,58.90896108231604
58.0,55.27745348055585,60.388033646660716
32.0,54.759872462812034,32.967311568212416
47.0,55.08725666093811,44.41417345201755
82.0,55.61120490057867,78.36737070783238
75.0,55.703840486779185,75.68009163616992
43.0,54.720844273960644,40.694759608207235
79.0,55.688844226925,81.36108124710242
51.0,54.90005964588308,47.43475932117774
56.0,55.28833599794025,57.553314005904426
87.0,55.98012923664492,87.93515163164149
71.0,55.80313568591562,72.28690007359833
85.0,55.89981556916851,84.47326915713597
74.0,55.523539303143096,71.72340563081106
65.0,55.43886244841553,62.6209815058991
38.0,54.87731727313261,38.65175319791662
72.0,55.61773460431991,74.37518579836465
84.0,55.86588279855256,86.88709862495332
50.0,54.89426959534387,46.4782026061671
49.0,54.978460008757146,45.54622305806416
45.0,55.016543385713796,46.01284803918112
62.0,55.30841146067507,63.20089212633749
44.0,54.84305972733075,40.79996128398106
20.0,54.4255866291864,17.81236015317122
62.0,55.504562977120166,64.88201045098829
79.0,55.780080316850174,78.64184728879871
36.0,54.67732443609083,38.78732911510623
74.0,55.71965091452383,77.49749957841078
78.0,55.792891628278824,77.92502852025608
74.0,55.61868683843239,73.00152464617588
76.0,55.65486869855432,73.7477814009769
69.0,55.553891297464645,68.85599316140835
59.0,55.30620073900283,60.65643919413406
50.0,55.17234096256737,50.62568844505829
48.0,55.10276663931611,52.85278629175691
71.0,55.54959968240835,71.30233748905528
79.0,55.75705592666852,77.83450560096925
69.0,55.577828016694426,71.19146487461882
74.0,55.73889082604248,73.20063975025457
66.0,55.41857663024758,65.94096317309294
78.0,55.69273134646985,79.21461503718861
68.0,55.547523985764705,69.31923577027993
75.0,55.678716852184515,77.20852898411533
25.0,54.66985513498863,28.620142205026546
40.0,54.76322811124764,39.05112111367863
34.0,54.830263905344,37.490656166627225
66.0,55.48928990547189,64.80237869782613
43.0,54.95663290754837,45.52325552510642
55.0,55.06889220569998,52.89124752480103
26.0,54.62258918628956,23.98346800815474
36.0,54.67015333010843,35.34482132335968
84.0,55.91441027600482,84.25030887953274
60.0,55.391787697301204,60.66740349775221
67.0,55.54043849399164,67.96799374058057
54.0,55.15914358756274,53.81767305562917
45.0,54.82914927919021,42.687767223311226
72.0,55.63378714443137,71.82306695540737
17.0,54.46724630271327,17.96351408627538
24.0,54.534620188097094,25.85010828174753
36.0,54.876447710735896,37.26201914540994
74.0,55.598390646656455,72.68967011885837
61.0,55.313740924053185,62.13425148838334
77.0,55.74296171205766,75.88446788194774
52.0,55.172859886728276,51.09118351097897
43.0,54.98258628927858,41.032757017301236
18.0,54.42380912766255,20.823583250239047
52.0,55.06170561027567,50.717267348860986
55.0,55.174781249658096,56.10416466070165
61.0,55.295434814711555,60.94457907816852
38.0,54.828431099117076,40.34475452810252
50.0,55.18467914878327,49.9966071537335
45.0,54.91073995596502,45.32939336476973
31.0,54.74206389430561,31.875314553542083
26.0,54.603522040420195,28.476011925183585
31.0,54.68023499570393,32.143128435616646
44.0,54.936488098096014,44.4642195134246
82.0,55.82114134589061,79.19324647795094
59.0,55.32311246790303,55.957583075158475
74.0,55.77127566055307,78.53441112143804
93.0,55.93195534881871,89.27116089620499
41.0,54.89632902449572,42.57904965078629
22.0,54.488327856836214,19.333630602987874
20.0,54.46687132976152,19.935817702536774
50.0,55.01437247930273,47.74203672686696
90.0,55.954417967281536,87.73165737020162
82.0,55.77700442270221,82.42060705000509
37.0,54.782673172562326,40.115636975140085
47.0,55.00638199979277,48.79674167214735
74.0,55.567080524338614,74.22043279783026
88.0,55.84575937242592,86.62747561111559
55.0,55.099297340280934,54.44709801142969
50.0,55.18719621370596,49.28504821515955
50.0,55.186063155616715,51.23322111964879
39.0,54.788976253378635,38.36058320477085
57.0,55.397513516956785,59.24487794216154
23.0,54.47365342967438,20.46445580681148
82.0,55.75326185244743,80.40189370693986
76.0,55.63334794059599,71.10537627568725
72.0,55.69914957295187,72.21164486316218
60.0,55.262880157045245,60.97143516083454
48.0,54.912831142050564,44.69576633235909
34.0,54.6567772955707,35.11029422605287
57.0,55.18470347460254,55.62685602768957
51.0,55.03161416025642,52.32011252160289
66.0,55.34802574706457,63.39745502296019
49.0,55.07077081087507,49.84952890155301
27.0,54.56251631608283,27.518051362588608
45.0,55.010240304897486,48.37664870277879
72.0,55.489069176430775,70.26898342757922
66.0,55.3508595288457,63.322667223162775
76.0,55.65908059328508,72.68107646337009
29.0,54.72893586601852,31.33974993558375
78.0,55.74262950575732,77.97875774374455
48.0,54.9769136098824,47.8850248786
55.0,55.238467370109156,52.1734217080308
79.0,55.632200840492274,78.03907389224065
29.0,54.78989968194767,31.100719767064483
44.0,55.06429945303033,44.86157758986987
82.0,55.836770949658494,82.34736968634365
71.0,55.64484242746507,69.32995547538907
53.0,55.10940038920214,53.63145920611403
40.0,54.870995760380836,38.35128013282689
37.0,54.81685394942891,37.47409776739208
67.0,55.56315064703902,66.59218153451266
52.0,55.136154622721264,49.464437441165074
24.0,54.60905371110078,25.779012045504533
52.0,55.0509396859844,51.2944460348914
26.0,54.62614114814382,27.501491383418287
48.0,55.156368142781425,52.5230757995068
51.0,55.06230425476211,50.34654164785218
76.0,55.713701423333575,78.27238569011283
83.0,55.704197018898796,78.83825389483178
88.0,55.89281274021453,87.5138775356118
91.0,56.004989375547055,89.04077197408743
62.0,55.23930292132532,60.91186787504929
27.0,54.57365721332586,26.488715145995187
19.0,54.423870416052615,16.62506951330156
59.0,55.26970216202246,59.37158981109841
70.0,55.66143232367291,70.08387358787382
27.0,54.596454980582585,29.06695149690783
68.0,55.664987236917426,69.82589166875215
61.0,55.42867673667523,59.77408592060263
22.0,54.52603921223135,18.83724740661919
57.0,55.32417169955056,58.25231191715392
61.0,55.275298063586675,59.04139909152229
74.0,55.680177636849926,71.77531293987661
49.0,55.16603493925749,48.20354557628184
41.0,55.002632946469944,41.206221656926814
48.0,55.01360850028143,46.193333342327435
68.0,55.43664357861263,69.27707858422352
83.0,55.762910208091355,80.42797635823001
73.0,55.74907359528922,71.30150363918924
82.0,55.80231925488163,83.8103498976163
95.0,56.09587921715742,92.80868385247524
51.0,55.25948469334847,52.2155793340488
54.0,55.07587954521206,53.44591545581823
38.0,54.95328618529332,41.07730741600578
33.0,54.80234191430837,33.75092685389494
80.0,55.8804531795696,80.14277469073934
30.0,54.716410961942046,30.020789314920794
35.0,54.73333895833404,32.07102658794932
31.0,54.633924223610904,32.69959020603818
45.0,54.998774632468546,48.73510938375783
17.0,54.42139022389753,16.656776018095307
68.0,55.375075224313235,66.93701915179489
66.0,55.41014694690224,66.47936105932713
59.0,55.393525293760696,61.53314548330349
67.0,55.591317692935036,70.67477819661144
39.0,54.9880840385818,41.24372706772524
64.0,55.438274177537075,66.65193742170068
89.0,55.99138966947465,90.52615393810768
62.0,55.42566213091733,61.05343809993843
74.0,55.710907546616795,73.99133651013844
49.0,55.061529902132825,46.38499979850584
32.0,54.70814661313156,31.618049485310525
61.0,55.3853805703401,57.65269318087567
81.0,55.87815675388484,82.84294629885336
68.0,55.64071025305983,70.00508215525109
32.0,54.67347427911677,30.36168085407008
52.0,55.163557689595976,52.11098714356628
78.0,55.62242551814723,77.83027195040752
69.0,55.63051415881486,71.1398472288194
68.0,55.56056192011828,67.72351159318137
67.0,55.53316922685156,69.08213684527503
44.0,54.83613661870229,42.510285766923936
40.0,54.78205609614043,38.133860388623546
74.0,55.54298436445778,73.20955384371156
18.0,54.38516111740001,15.464975740521737
63.0,55.423863246067775,63.506067396836535
71.0,55.55029353666221,67.1797570258226
72.0,55.72715128431302,73.91042327954082
67.0,55.47030247992805,67.53578939169742
61.0,55.41400230951339,60.27844595001093
45.0,54.95351719813924,46.476468622643765
29.0,54.64826055058859,29.29113880180486
31.0,54.594490761198166,30.599403019295593
26.0,54.685413076758465,31.906074929440237
59.0,55.399474784950954,59.95676989665378
79.0,55.78354961588535,75.69270389581385
33.0,54.67628364527545,32.34748337030643
35.0,54.82569252710337,37.12984143319315
46.0,55.128302200536645,48.81608062397996
51.0,55.0386014997685,52.09992955349959
38.0,54.81270039169796,37.66610510231499
49.0,55.13227198290059,51.46893363527531
73.0,55.59892506025927,70.7533061477818
38.0,54.86843289650998,40.547762907955814
71.0,55.6947907756217,74.27580336836716
51.0,55.11931672026278,49.89638352224835
27.0,54.57235882070175,28.21006158368303
85.0,55.95086305403702,87.38736123845715
19.0,54.3774341246859,19.528006006651196
42.0,55.00391289826191,44.91608860265711
65.0,55.447486280735866,63.21712136629758
23.0,54.517793295356334,23.908044553277367
70.0,55.45054070175493,65.30786770887008
82.0,55.721125015290795,80.6407341228791
59.0,55.236444813724916,54.62401890760389
30.0,54.625220670965035,32.06802148300008
88.0,55.94222373227478,90.17966173814176
40.0,54.93923178594363,41.94159577833833
82.0,55.89471272871533,84.0197973451939
17.0,54.42200730031943,20.16781560436676
25.0,54.57657071543252,25.558116487906247
57.0,55.31036978617568,58.18185543885948
78.0,55.78547097881517,81.00837279244467
65.0,55.40208783769097,64.99723510122084
38.0,54.79371002366056,33.9361153163298
53.0,55.190793974508395,50.867442423734026
66.0,55.39969030835498,68.85766761270447
65.0,55.40537336135914,66.24340273905351
75.0,55.73665568874779,72.67449668049495
57.0,55.3392181482739,58.70957108533544
47.0,54.906543550676155,44.652270923276376
35.0,54.74817872003074,32.865390852974656
89.0,55.92866982515054,87.51484267555419
13.0,54.38439713837871,14.34220818200388
60.0,55.428921791535615,59.985806314548455
68.0,55.47885170775678,63.56931603101333
56.0,55.0656325450817,52.983218367313285
62.0,55.400592353598306,59.962768671500335
50.0,55.23944098754735,51.378995699339356
33.0,54.70162289307732,32.1252760089055
64.0,55.420047788520975,65.02661615199416
75.0,55.640375095369244,73.98650319406387
38.0,54.78630780613236,40.16345473798979
74.0,55.646143762582746,73.42471069418494
74.0,55.6332069318804,75.2179477544083
56.0,55.25541674982686,54.47473738668346
43.0,54.871972320312594,42.38283201793621
52.0,55.212492605053235,54.92753347325403
97.0,56.13352928416249,97.01302774796305
37.0,54.78302676218837,39.7068815886244
57.0,55.3093135059184,55.25343470568948
61.0,55.5438864097011,64.6751633511128
45.0,55.10391373941982,45.121572076405684
79.0,55.80729218614014,78.14831245470643
32.0,54.72557215035876,33.77386962748891
79.0,55.71479760865521,77.40724865666334
40.0,54.74494043384148,41.58617105725356
42.0,54.95400436536645,42.848912223639275
31.0,54.666050687159554,26.92331312333994
42.0,54.97384881525535,42.12758776964667
37.0,54.83176753756732,34.95926446179279
82.0,55.747038491956644,81.84168489319403
47.0,54.97472427153588,45.59272243100962
35.0,54.736601570342565,30.196391273326952
87.0,55.86580307822704,88.0045944291704
59.0,55.33289074163832,55.24548386007711
39.0,54.79889847832308,37.98211637083098
46.0,54.96246580564549,46.68655021377758
41.0,54.974660040652246,44.23578669360607
88.0,55.92317207584732,89.44917069668487
25.0,54.64040812840397,28.67517600857102
77.0,55.683554668611244,78.08255820447621
67.0,55.47135581769177,65.63223982072962
87.0,55.80637170896135,84.3362783538066
50.0,55.175895875811875,50.761392807544794
45.0,54.90167181287207,43.464685937847285
57.0,55.14876666934101,55.94495218713013
34.0,54.831540914642396,35.73478674553474
64.0,55.38928612182041,58.858640759645226
69.0,55.54562694865416,70.3484685397448
21.0,54.541849639976,20.377778442516124
44.0,55.01921772684388,47.95204015725231
30.0,54.622120450997805,31.213257246857147
51.0,55.12311668836769,51.23351889392188
87.0,55.964499632877036,84.6772560787366
53.0,55.272179411683986,54.89704751427618
61.0,55.47182455298353,59.77866485315285
45.0,54.955773718759644,47.35366061722106
91.0,56.00500780748252,91.80349589464876
47.0,55.1001380971342,50.050087301491814
55.0,55.31898029349779,57.50764875574844
77.0,55.806073513841554,78.24894707680895
17.0,54.496837260507085,20.502350036261532
54.0,55.1393604260639,51.29706912849516
66.0,55.536364656586215,66.88485926977721
79.0,55.70066348898,79.84334459798728
66.0,55.3602812615647,65.67273269839131
52.0,55.22846542483918,52.962446619467954
53.0,55.13221364590077,52.987348862650094
71.0,55.51118268499173,69.63582801966841
63.0,55.25699195424505,58.52731622157845
55.0,55.27902574248048,59.12383429146941
99.0,56.13760312156792,95.48681428680382
49.0,55.082172252420385,46.74455399138112
86.0,55.90794186065365,85.09676595546034
78.0,55.74660223951151,78.15730696265672
65.0,55.44190881110711,65.65287638153504
57.0,55.24705129736514,55.89979215997593
27.0,54.64720427033131,25.844731231340763
44.0,55.06543545361314,46.865105906127525
49.0,55.16196699573588,50.20991177431706
28.0,54.601557821035776,29.605095385021674
64.0,55.39597301196585,64.77465569607318
39.0,54.95045240351219,40.05353441338827
76.0,55.67275698738627,73.99807862260427
66.0,55.48593719952985,64.89675757788297
87.0,55.88326548822184,87.30786143388104
26.0,54.66077956078126,27.543789265296695
72.0,55.54234590471017,69.7083118310881
46.0,55.07083209926513,46.39036840837763
58.0,55.24325132926024,55.185378816281855
56.0,55.22510466056966,53.407733686604765
76.0,55.61324294640481,73.31210338325724
56.0,55.29705504002802,54.8141424478414
43.0,54.92067767035137,42.2788029019201
86.0,55.82149787801022,83.63994940090707
43.0,54.98984006697676,43.384590683760194
54.0,55.149301082943815,54.0053514008684
74.0,55.624056117071675,75.74806259822859
43.0,55.013071144185055,42.96283282130393
60.0,55.378605811738474,61.29124931391843
44.0,54.979138373569114,45.41183217288848
42.0,54.87732316701642,41.64133842162792
28.0,54.80622903385322,33.370221911660536
75.0,55.81117930568499,76.24215848640154
54.0,55.310611898542504,54.071241208118636
33.0,54.751507010350316,35.163461253549656
67.0,55.503304399757226,67.88985219455819
47.0,54.830165744186324,43.048882246571225
77.0,55.785431163553994,77.92544524741798
67.0,55.493799995322455,68.50709900203482
32.0,54.59041987518299,27.303645912524843
42.0,54.95892933323313,41.691330286608334
70.0,55.468506546468745,68.42659174189838
52.0,55.0400254116663,49.814635522929855
44.0,54.981389000305704,42.389799810910986
45.0,55.06421973270481,45.472184805149624
46.0,55.23069761964031,48.0040730180868
49.0,55.160441980186846,53.21641485057711
44.0,55.03561642546697,45.943497370795114
76.0,55.67974432689835,74.60039208088801
41.0,54.96909661303796,42.79800250042493
50.0,55.153681263599694,51.258898877917474
75.0,55.63432450052775,75.05244521868825
42.0,54.87730178369071,41.630988296106025
58.0,55.20336906745403,58.497274536353935
77.0,55.83114329116058,77.70281699286562
50.0,55.05366199050631,48.13968308033463
31.0,54.786289374196905,36.67688471578648
49.0,55.17932830207945,50.77902669791161
73.0,55.66724080614758,72.88839369729595
61.0,55.395840151380916,60.52123625970373
44.0,54.9106602356395,45.680987107137476
70.0,55.62413878878745,71.6028156948781
58.0,55.31114925463888,56.98425133147279
63.0,55.44490498492954,62.318693391419984
78.0,55.82227734647341,81.14308783907244
16.0,54.31403002166602,15.301749427788131
66.0,55.438003259626804,64.18670534812746
26.0,54.68487572066209,28.61643940753818
83.0,55.86793416937693,82.26387143246755
37.0,54.84537458495097,39.92831847164175
46.0,55.052804966161254,46.148240364598585
34.0,54.78343420909006,37.456291070650494
88.0,55.95249954684528,88.29373952098472
33.0,54.74983070228089,30.53138489790425
15.0,54.446849007286104,17.58857057558226
53.0,55.084439146648776,51.45565883101458
45.0,55.089159591932464,46.85012589552936
66.0,55.38464091713807,62.587082371611
16.0,54.41663802168014,16.27704131990434
65.0,55.439381372576435,63.02597442707806
47.0,54.97025399694648,46.49500098199803
